--
-- PostgreSQL database dump
--

-- Dumped from database version 9.1.2
-- Dumped by pg_dump version 9.1.2
-- Started on 2014-07-01 09:20:20

SET statement_timeout = 0;
SET client_encoding = 'UTF8';
SET standard_conforming_strings = on;
SET check_function_bodies = false;
SET client_min_messages = warning;

--
-- TOC entry 7 (class 2615 OID 16394)
-- Name: bi_efix; Type: SCHEMA; Schema: -; Owner: postgres
--

CREATE SCHEMA bi_efix;


ALTER SCHEMA bi_efix OWNER TO postgres;

--
-- TOC entry 287 (class 3079 OID 11639)
-- Name: plpgsql; Type: EXTENSION; Schema: -; Owner: 
--

CREATE EXTENSION IF NOT EXISTS plpgsql WITH SCHEMA pg_catalog;


--
-- TOC entry 2497 (class 0 OID 0)
-- Dependencies: 287
-- Name: EXTENSION plpgsql; Type: COMMENT; Schema: -; Owner: 
--

COMMENT ON EXTENSION plpgsql IS 'PL/pgSQL procedural language';


SET search_path = public, pg_catalog;

--
-- TOC entry 613 (class 1247 OID 16397)
-- Dependencies: 6 162
-- Name: averia_facultad; Type: TYPE; Schema: public; Owner: postgres
--

CREATE TYPE averia_facultad AS (
	fecha_reporte date,
	fecha_atencion date,
	facultad text,
	tipo_averia text,
	incidencia text,
	cantidad smallint,
	reportador text,
	estado text
);


ALTER TYPE public.averia_facultad OWNER TO postgres;

--
-- TOC entry 616 (class 1247 OID 16400)
-- Dependencies: 6 163
-- Name: averia_tecnico; Type: TYPE; Schema: public; Owner: postgres
--

CREATE TYPE averia_tecnico AS (
	fecha_reporte date,
	fecha_atencion date,
	facultad text,
	tipo_averia text,
	incidencia text,
	atendedor text,
	estado text
);


ALTER TYPE public.averia_tecnico OWNER TO postgres;

SET search_path = bi_efix, pg_catalog;

--
-- TOC entry 288 (class 1255 OID 18155)
-- Dependencies: 7 918
-- Name: usp_set_tiempo(); Type: FUNCTION; Schema: bi_efix; Owner: postgres
--

CREATE FUNCTION usp_set_tiempo() RETURNS integer
    LANGUAGE plpgsql
    AS $$
begin 


return 0;
end;
$$;


ALTER FUNCTION bi_efix.usp_set_tiempo() OWNER TO postgres;

SET search_path = public, pg_catalog;

--
-- TOC entry 300 (class 1255 OID 16401)
-- Dependencies: 613 6 918
-- Name: func_reporte_averia_facultad(date, date, integer, integer, character); Type: FUNCTION; Schema: public; Owner: postgres
--

CREATE FUNCTION func_reporte_averia_facultad(p_fecha_desde date, p_fecha_hasta date, p_tipo_averia integer, p_facultad integer, p_estado character) RETURNS SETOF averia_facultad
    LANGUAGE plpgsql
    AS $$
	DECLARE
	registro averia_facultad%ROWTYPE;
	consulta text;
	
	BEGIN
	consulta='
	SELECT a.fecha_reporte,
	t.fecha_termino,
	f.facu_descripcion,
	ta.descripcion,
	i.descripcion,
	a.cantidad,
	(usua_nombres||E'' ''||usua_apellido_paterno||E'' ''||usua_apellido_materno),
	a.seguimiento
	FROM averia as a
	INNER JOIN ubicacion as u ON a.ubic_id=a.ubic_id
	INNER JOIN ambiente as m ON m.ambi_id=u.ambi_id
	INNER JOIN facultad as f ON f.facu_id=m.facu_id
	INNER JOIN incidencia as i ON i.id_incidencia=a.id_incidencia
	INNER JOIN tipo_averia as ta ON ta.id_tipoaveria=i.id_tipoaveria
	INNER JOIN usuario as us ON us.usua_id=a.usua_id
	LEFT JOIN tarea as t ON t.id_averia=a.id_averia
	WHERE (a.fecha_reporte BETWEEN '||E'\''|| p_fecha_desde||E'\''||' AND '||E'\''|| p_fecha_hasta||E'\'' ||')
	 ';

	
	IF p_facultad <> 0 THEN
		consulta:=consulta||' AND f.facu_id='||p_facultad;	
	END IF;

	IF p_tipo_averia <> 0 THEN
		consulta:=consulta||' AND ta.id_tipoaveria='||p_tipo_averia;	
	END IF;

	IF p_estado <> '-' THEN
		consulta:=consulta||' AND a.seguimiento='||E'\''||p_estado||E'\'';	
	END IF;
	

	consulta:=consulta||' ORDER BY a.fecha_reporte DESC';	
	
	FOR registro IN EXECUTE consulta LOOP	
	RETURN NEXT registro;
	END LOOP;
	
	END;
$$;


ALTER FUNCTION public.func_reporte_averia_facultad(p_fecha_desde date, p_fecha_hasta date, p_tipo_averia integer, p_facultad integer, p_estado character) OWNER TO postgres;

--
-- TOC entry 301 (class 1255 OID 16402)
-- Dependencies: 918 613 6
-- Name: func_reporte_averia_facultad(p_fecha_desde date, p_fecha_hasta (date, date, integer, integer, character); Type: FUNCTION; Schema: public; Owner: postgres
--

CREATE FUNCTION "func_reporte_averia_facultad(p_fecha_desde date, p_fecha_hasta "(p_fecha_desde date, p_fecha_hasta date, p_tipo_averia integer, p_facultad integer, p_estado character) RETURNS SETOF averia_facultad
    LANGUAGE plpgsql
    AS $$
	DECLARE
	registro averia_facultad%ROWTYPE;
	consulta text;
	
	BEGIN
	consulta='
	SELECT distinct a.fecha_reporte,
	t.fecha_termino,
	f.facu_descripcion,
	ta.descripcion,
	i.descripcion,
	a.cantidad,
	(usua_nombres||E'' ''||usua_apellido_paterno||E'' ''||usua_apellido_materno),
	a.seguimiento
	FROM averia as a
	INNER JOIN ubicacion as u ON a.ubic_id=a.ubic_id
	INNER JOIN ambiente as m ON m.ambi_id=u.ambi_id
	INNER JOIN facultad as f ON f.facu_id=m.facu_id
	INNER JOIN incidencia as i ON i.id_incidencia=a.id_incidencia
	INNER JOIN tipo_averia as ta ON ta.id_tipoaveria=i.id_tipoaveria
	INNER JOIN usuario as us ON us.usua_id=a.usua_id
	LEFT JOIN tarea as t ON t.id_averia=a.id_averia
	WHERE (a.fecha_reporte BETWEEN '||E'\''|| p_fecha_desde||E'\''||' AND '||E'\''|| p_fecha_hasta||E'\'' ||')
	 ';

	
	IF p_facultad <> 0 THEN
		consulta:=consulta||' AND f.facu_id='||p_facultad;	
	END IF;

	IF p_tipo_averia <> 0 THEN
		consulta:=consulta||' AND ta.id_tipoaveria='||p_tipo_averia;	
	END IF;

	IF p_estado <> '-' THEN
		consulta:=consulta||' AND a.seguimiento='||E'\''||p_estado||E'\'';	
	END IF;
	

	consulta:=consulta||' ORDER BY a.fecha_reporte DESC';	
	
	FOR registro IN EXECUTE consulta LOOP	
	RETURN NEXT registro;
	END LOOP;
	
	END;
$$;


ALTER FUNCTION public."func_reporte_averia_facultad(p_fecha_desde date, p_fecha_hasta "(p_fecha_desde date, p_fecha_hasta date, p_tipo_averia integer, p_facultad integer, p_estado character) OWNER TO postgres;

--
-- TOC entry 302 (class 1255 OID 16403)
-- Dependencies: 6 918 616
-- Name: func_reporte_averia_tecnico(date, date, integer, integer, character); Type: FUNCTION; Schema: public; Owner: postgres
--

CREATE FUNCTION func_reporte_averia_tecnico(p_fecha_desde date, p_fecha_hasta date, p_tipo_averia integer, p_personal integer, p_estado character) RETURNS SETOF averia_tecnico
    LANGUAGE plpgsql
    AS $$
	DECLARE
	registro averia_tecnico%ROWTYPE;
	consulta text;
	
	BEGIN
	consulta='
	SELECT distinct a.fecha_reporte,
	t.fecha_termino,
	f.facu_descripcion,
	ta.descripcion,
	i.descripcion,
	(nombres||E'' ''||apellido_paterno||E'' ''||apellido_materno),
	a.seguimiento
	FROM averia as a
	INNER JOIN ubicacion as u ON a.ubic_id=a.ubic_id
	INNER JOIN ambiente as m ON m.ambi_id=u.ambi_id
	INNER JOIN facultad as f ON f.facu_id=m.facu_id
	INNER JOIN incidencia as i ON i.id_incidencia=a.id_incidencia
	INNER JOIN tipo_averia as ta ON ta.id_tipoaveria=i.id_tipoaveria	
	LEFT JOIN tarea as t ON t.id_averia=a.id_averia
	LEFT JOIN personal as us ON us.id_personal=t.id_personal
	WHERE (a.fecha_reporte BETWEEN '||E'\''|| p_fecha_desde||E'\''||' AND '||E'\''|| p_fecha_hasta||E'\'' ||')
	 ';

	
	IF p_personal <> 0 THEN
		consulta:=consulta||' AND t.id_personal='||p_personal;	
	END IF;

	IF p_tipo_averia <> 0 THEN
		consulta:=consulta||' AND ta.id_tipoaveria='||p_tipo_averia;	
	END IF;

	IF p_estado <> '-' THEN
		consulta:=consulta||' AND a.seguimiento='||E'\''||p_estado||E'\'';	
	END IF;
	

	consulta:=consulta||' ORDER BY a.fecha_reporte DESC';	
	
	FOR registro IN EXECUTE consulta LOOP	
	RETURN NEXT registro;
	END LOOP;
	
	END;
$$;


ALTER FUNCTION public.func_reporte_averia_tecnico(p_fecha_desde date, p_fecha_hasta date, p_tipo_averia integer, p_personal integer, p_estado character) OWNER TO postgres;

--
-- TOC entry 303 (class 1255 OID 18154)
-- Dependencies: 6 918
-- Name: usp_set_tiempo(); Type: FUNCTION; Schema: public; Owner: postgres
--

CREATE FUNCTION usp_set_tiempo() RETURNS integer
    LANGUAGE plpgsql
    AS $$
declare fi date;
declare ff date;
begin 

SELECT '2014-06-01 00:00:00' INTO fi;
SELECT '2014-07-31 00:00:00' INTO ff;
 
return 0;
end;
$$;


ALTER FUNCTION public.usp_set_tiempo() OWNER TO postgres;

SET search_path = bi_efix, pg_catalog;

SET default_tablespace = '';

SET default_with_oids = false;

--
-- TOC entry 286 (class 1259 OID 18414)
-- Dependencies: 7
-- Name: averias_th; Type: TABLE; Schema: bi_efix; Owner: postgres; Tablespace: 
--

CREATE TABLE averias_th (
    id_averia integer NOT NULL,
    ubicacion_id integer,
    personal_id integer,
    estado_averia text,
    estado_tarea text,
    tipo_solucion text,
    categoria_solucion text,
    falla text,
    incedencia_id integer,
    tiempo_averia_id integer,
    tiempo_tarea_id integer,
    id_patrimonio text
);


ALTER TABLE bi_efix.averias_th OWNER TO postgres;

--
-- TOC entry 164 (class 1259 OID 16404)
-- Dependencies: 7
-- Name: etl_ambiente; Type: TABLE; Schema: bi_efix; Owner: postgres; Tablespace: 
--

CREATE TABLE etl_ambiente (
    facultad character varying(300),
    ambiente character varying(300),
    ubicacion character varying(300),
    id bigint NOT NULL
);


ALTER TABLE bi_efix.etl_ambiente OWNER TO postgres;

--
-- TOC entry 165 (class 1259 OID 16410)
-- Dependencies: 7
-- Name: etl_incidencias; Type: TABLE; Schema: bi_efix; Owner: postgres; Tablespace: 
--

CREATE TABLE etl_incidencias (
    tiempo_estimado smallint,
    id_incidencia integer NOT NULL,
    incidencia character varying(150),
    tipo character varying(150)
);


ALTER TABLE bi_efix.etl_incidencias OWNER TO postgres;

--
-- TOC entry 166 (class 1259 OID 16413)
-- Dependencies: 7
-- Name: etl_patrimonio; Type: TABLE; Schema: bi_efix; Owner: postgres; Tablespace: 
--

CREATE TABLE etl_patrimonio (
    serie character varying,
    patrimonio character varying,
    id_patrimonio integer NOT NULL
);


ALTER TABLE bi_efix.etl_patrimonio OWNER TO postgres;

SET search_path = public, pg_catalog;

--
-- TOC entry 167 (class 1259 OID 16419)
-- Dependencies: 2278 6
-- Name: personal; Type: TABLE; Schema: public; Owner: postgres; Tablespace: 
--

CREATE TABLE personal (
    id_personal integer NOT NULL,
    dni character(8) NOT NULL,
    apellido_paterno character varying(150) NOT NULL,
    apellido_materno character varying(150) NOT NULL,
    nombres character varying(150) NOT NULL,
    direccion character varying(300),
    telefono character varying(50),
    id_area integer NOT NULL,
    cargo character varying(300),
    estado boolean DEFAULT true NOT NULL,
    usua_id integer
);


ALTER TABLE public.personal OWNER TO postgres;

--
-- TOC entry 168 (class 1259 OID 16426)
-- Dependencies: 167 6
-- Name: personal_id_personal_seq; Type: SEQUENCE; Schema: public; Owner: postgres
--

CREATE SEQUENCE personal_id_personal_seq
    START WITH 1
    INCREMENT BY 1
    NO MINVALUE
    NO MAXVALUE
    CACHE 1;


ALTER TABLE public.personal_id_personal_seq OWNER TO postgres;

--
-- TOC entry 2498 (class 0 OID 0)
-- Dependencies: 168
-- Name: personal_id_personal_seq; Type: SEQUENCE OWNED BY; Schema: public; Owner: postgres
--

ALTER SEQUENCE personal_id_personal_seq OWNED BY personal.id_personal;


--
-- TOC entry 2499 (class 0 OID 0)
-- Dependencies: 168
-- Name: personal_id_personal_seq; Type: SEQUENCE SET; Schema: public; Owner: postgres
--

SELECT pg_catalog.setval('personal_id_personal_seq', 12, true);


SET search_path = bi_efix, pg_catalog;

--
-- TOC entry 169 (class 1259 OID 16428)
-- Dependencies: 2280 7
-- Name: etl_personal; Type: TABLE; Schema: bi_efix; Owner: postgres; Tablespace: 
--

CREATE TABLE etl_personal (
    id_personal integer DEFAULT nextval('public.personal_id_personal_seq'::regclass) NOT NULL,
    nombres character varying(150),
    cargo character varying(300),
    area character varying(200)
);


ALTER TABLE bi_efix.etl_personal OWNER TO postgres;

--
-- TOC entry 285 (class 1259 OID 18175)
-- Dependencies: 7
-- Name: etl_tiempo; Type: TABLE; Schema: bi_efix; Owner: postgres; Tablespace: 
--

CREATE TABLE etl_tiempo (
    id_tiempo integer NOT NULL,
    fecha_averia date,
    year_averia text,
    id_mes_averia text,
    mes_averia text,
    id_dia_averia text,
    dia_averia text,
    trimestre_averia_id text,
    trimestre_averia text,
    hora_averia_ text,
    hora_averia text,
    minuto_averia text,
    segundo_averia text,
    fecha_tarea date,
    year_tarea text,
    id_mes_tarea text,
    mes_tarea text,
    id_dia_tarea text,
    dia_tarea text,
    trimestre_tarea_id text,
    trimestre_tarea text,
    hora_tarea_ text,
    hora_tarea text,
    minuto_tarea text,
    segundo_tarea text
);


ALTER TABLE bi_efix.etl_tiempo OWNER TO postgres;

--
-- TOC entry 170 (class 1259 OID 16441)
-- Dependencies: 7
-- Name: id_averia; Type: SEQUENCE; Schema: bi_efix; Owner: postgres
--

CREATE SEQUENCE id_averia
    START WITH 1
    INCREMENT BY 1
    NO MINVALUE
    NO MAXVALUE
    CACHE 1;


ALTER TABLE bi_efix.id_averia OWNER TO postgres;

--
-- TOC entry 2500 (class 0 OID 0)
-- Dependencies: 170
-- Name: id_averia; Type: SEQUENCE SET; Schema: bi_efix; Owner: postgres
--

SELECT pg_catalog.setval('id_averia', 98523, true);


SET search_path = public, pg_catalog;

--
-- TOC entry 171 (class 1259 OID 16453)
-- Dependencies: 2281 6
-- Name: ambiente; Type: TABLE; Schema: public; Owner: postgres; Tablespace: 
--

CREATE TABLE ambiente (
    ambi_id integer NOT NULL,
    ambi_descripcion character varying(300) NOT NULL,
    ambi_estado boolean DEFAULT true NOT NULL,
    facu_id integer NOT NULL
);


ALTER TABLE public.ambiente OWNER TO postgres;

--
-- TOC entry 172 (class 1259 OID 16457)
-- Dependencies: 6 171
-- Name: ambiente_ambi_id_seq; Type: SEQUENCE; Schema: public; Owner: postgres
--

CREATE SEQUENCE ambiente_ambi_id_seq
    START WITH 1
    INCREMENT BY 1
    NO MINVALUE
    NO MAXVALUE
    CACHE 1;


ALTER TABLE public.ambiente_ambi_id_seq OWNER TO postgres;

--
-- TOC entry 2501 (class 0 OID 0)
-- Dependencies: 172
-- Name: ambiente_ambi_id_seq; Type: SEQUENCE OWNED BY; Schema: public; Owner: postgres
--

ALTER SEQUENCE ambiente_ambi_id_seq OWNED BY ambiente.ambi_id;


--
-- TOC entry 2502 (class 0 OID 0)
-- Dependencies: 172
-- Name: ambiente_ambi_id_seq; Type: SEQUENCE SET; Schema: public; Owner: postgres
--

SELECT pg_catalog.setval('ambiente_ambi_id_seq', 2, true);


--
-- TOC entry 173 (class 1259 OID 16459)
-- Dependencies: 2283 6
-- Name: area_administrativa; Type: TABLE; Schema: public; Owner: postgres; Tablespace: 
--

CREATE TABLE area_administrativa (
    id_area integer NOT NULL,
    descripcion character varying(200) NOT NULL,
    estado boolean DEFAULT true NOT NULL
);


ALTER TABLE public.area_administrativa OWNER TO postgres;

--
-- TOC entry 174 (class 1259 OID 16463)
-- Dependencies: 6 173
-- Name: area_administrativa_id_area_seq; Type: SEQUENCE; Schema: public; Owner: postgres
--

CREATE SEQUENCE area_administrativa_id_area_seq
    START WITH 1
    INCREMENT BY 1
    NO MINVALUE
    NO MAXVALUE
    CACHE 1;


ALTER TABLE public.area_administrativa_id_area_seq OWNER TO postgres;

--
-- TOC entry 2503 (class 0 OID 0)
-- Dependencies: 174
-- Name: area_administrativa_id_area_seq; Type: SEQUENCE OWNED BY; Schema: public; Owner: postgres
--

ALTER SEQUENCE area_administrativa_id_area_seq OWNED BY area_administrativa.id_area;


--
-- TOC entry 2504 (class 0 OID 0)
-- Dependencies: 174
-- Name: area_administrativa_id_area_seq; Type: SEQUENCE SET; Schema: public; Owner: postgres
--

SELECT pg_catalog.setval('area_administrativa_id_area_seq', 6, true);


--
-- TOC entry 175 (class 1259 OID 16465)
-- Dependencies: 2285 2286 2287 2288 2289 2290 6
-- Name: averia; Type: TABLE; Schema: public; Owner: postgres; Tablespace: 
--

CREATE TABLE averia (
    id_averia integer NOT NULL,
    id_incidencia integer NOT NULL,
    usua_id integer NOT NULL,
    fecha_reporte date DEFAULT now() NOT NULL,
    hora_reporte time without time zone DEFAULT now() NOT NULL,
    estado boolean DEFAULT true NOT NULL,
    seguimiento character(1) DEFAULT 'P'::bpchar NOT NULL,
    observacion text,
    ubic_id integer,
    imagen character varying(600) NOT NULL,
    cantidad smallint DEFAULT 1 NOT NULL,
    codigo_movil character varying(600),
    calificacion integer DEFAULT 0
);


ALTER TABLE public.averia OWNER TO postgres;

--
-- TOC entry 2505 (class 0 OID 0)
-- Dependencies: 175
-- Name: COLUMN averia.seguimiento; Type: COMMENT; Schema: public; Owner: postgres
--

COMMENT ON COLUMN averia.seguimiento IS 'P=Reportado y Pendiente
O=Proceso
A=Atendido';


--
-- TOC entry 176 (class 1259 OID 16477)
-- Dependencies: 175 6
-- Name: averia_id_averia_seq; Type: SEQUENCE; Schema: public; Owner: postgres
--

CREATE SEQUENCE averia_id_averia_seq
    START WITH 1
    INCREMENT BY 1
    NO MINVALUE
    NO MAXVALUE
    CACHE 1;


ALTER TABLE public.averia_id_averia_seq OWNER TO postgres;

--
-- TOC entry 2506 (class 0 OID 0)
-- Dependencies: 176
-- Name: averia_id_averia_seq; Type: SEQUENCE OWNED BY; Schema: public; Owner: postgres
--

ALTER SEQUENCE averia_id_averia_seq OWNED BY averia.id_averia;


--
-- TOC entry 2507 (class 0 OID 0)
-- Dependencies: 176
-- Name: averia_id_averia_seq; Type: SEQUENCE SET; Schema: public; Owner: postgres
--

SELECT pg_catalog.setval('averia_id_averia_seq', 42, true);


--
-- TOC entry 177 (class 1259 OID 16479)
-- Dependencies: 2292 6
-- Name: coordenada; Type: TABLE; Schema: public; Owner: postgres; Tablespace: 
--

CREATE TABLE coordenada (
    id_coordenada integer NOT NULL,
    facu_id integer NOT NULL,
    latitud character varying(300) NOT NULL,
    longitud character varying(300) NOT NULL,
    estado boolean DEFAULT true NOT NULL
);


ALTER TABLE public.coordenada OWNER TO postgres;

--
-- TOC entry 178 (class 1259 OID 16486)
-- Dependencies: 6 177
-- Name: coordenada_id_coordenada_seq; Type: SEQUENCE; Schema: public; Owner: postgres
--

CREATE SEQUENCE coordenada_id_coordenada_seq
    START WITH 1
    INCREMENT BY 1
    NO MINVALUE
    NO MAXVALUE
    CACHE 1;


ALTER TABLE public.coordenada_id_coordenada_seq OWNER TO postgres;

--
-- TOC entry 2508 (class 0 OID 0)
-- Dependencies: 178
-- Name: coordenada_id_coordenada_seq; Type: SEQUENCE OWNED BY; Schema: public; Owner: postgres
--

ALTER SEQUENCE coordenada_id_coordenada_seq OWNED BY coordenada.id_coordenada;


--
-- TOC entry 2509 (class 0 OID 0)
-- Dependencies: 178
-- Name: coordenada_id_coordenada_seq; Type: SEQUENCE SET; Schema: public; Owner: postgres
--

SELECT pg_catalog.setval('coordenada_id_coordenada_seq', 57, true);


--
-- TOC entry 179 (class 1259 OID 16488)
-- Dependencies: 2294 6
-- Name: facultad; Type: TABLE; Schema: public; Owner: postgres; Tablespace: 
--

CREATE TABLE facultad (
    facu_id integer NOT NULL,
    facu_descripcion character varying(300) NOT NULL,
    facu_estado boolean DEFAULT true NOT NULL
);


ALTER TABLE public.facultad OWNER TO postgres;

--
-- TOC entry 180 (class 1259 OID 16492)
-- Dependencies: 179 6
-- Name: facultad_facu_id_seq; Type: SEQUENCE; Schema: public; Owner: postgres
--

CREATE SEQUENCE facultad_facu_id_seq
    START WITH 1
    INCREMENT BY 1
    NO MINVALUE
    NO MAXVALUE
    CACHE 1;


ALTER TABLE public.facultad_facu_id_seq OWNER TO postgres;

--
-- TOC entry 2510 (class 0 OID 0)
-- Dependencies: 180
-- Name: facultad_facu_id_seq; Type: SEQUENCE OWNED BY; Schema: public; Owner: postgres
--

ALTER SEQUENCE facultad_facu_id_seq OWNED BY facultad.facu_id;


--
-- TOC entry 2511 (class 0 OID 0)
-- Dependencies: 180
-- Name: facultad_facu_id_seq; Type: SEQUENCE SET; Schema: public; Owner: postgres
--

SELECT pg_catalog.setval('facultad_facu_id_seq', 2, true);


--
-- TOC entry 181 (class 1259 OID 16494)
-- Dependencies: 2296 6
-- Name: incidencia; Type: TABLE; Schema: public; Owner: postgres; Tablespace: 
--

CREATE TABLE incidencia (
    id_incidencia integer NOT NULL,
    descripcion character varying(150) NOT NULL,
    estado boolean DEFAULT true NOT NULL,
    id_tipoaveria integer NOT NULL,
    tiempo_estimado smallint NOT NULL,
    posible_solucion text
);


ALTER TABLE public.incidencia OWNER TO postgres;

--
-- TOC entry 182 (class 1259 OID 16501)
-- Dependencies: 181 6
-- Name: incidencia_id_incidencia_seq; Type: SEQUENCE; Schema: public; Owner: postgres
--

CREATE SEQUENCE incidencia_id_incidencia_seq
    START WITH 1
    INCREMENT BY 1
    NO MINVALUE
    NO MAXVALUE
    CACHE 1;


ALTER TABLE public.incidencia_id_incidencia_seq OWNER TO postgres;

--
-- TOC entry 2512 (class 0 OID 0)
-- Dependencies: 182
-- Name: incidencia_id_incidencia_seq; Type: SEQUENCE OWNED BY; Schema: public; Owner: postgres
--

ALTER SEQUENCE incidencia_id_incidencia_seq OWNED BY incidencia.id_incidencia;


--
-- TOC entry 2513 (class 0 OID 0)
-- Dependencies: 182
-- Name: incidencia_id_incidencia_seq; Type: SEQUENCE SET; Schema: public; Owner: postgres
--

SELECT pg_catalog.setval('incidencia_id_incidencia_seq', 2, true);


--
-- TOC entry 183 (class 1259 OID 16503)
-- Dependencies: 6
-- Name: modulo; Type: TABLE; Schema: public; Owner: postgres; Tablespace: 
--

CREATE TABLE modulo (
    modu_id integer NOT NULL,
    modu_descripcion character varying(150) NOT NULL,
    modu_url character varying(150) NOT NULL,
    modu_estado boolean NOT NULL,
    modu_padre integer NOT NULL,
    modu_peso integer NOT NULL
);


ALTER TABLE public.modulo OWNER TO postgres;

--
-- TOC entry 184 (class 1259 OID 16506)
-- Dependencies: 183 6
-- Name: modulo_modu_id_seq; Type: SEQUENCE; Schema: public; Owner: postgres
--

CREATE SEQUENCE modulo_modu_id_seq
    START WITH 1
    INCREMENT BY 1
    NO MINVALUE
    NO MAXVALUE
    CACHE 1;


ALTER TABLE public.modulo_modu_id_seq OWNER TO postgres;

--
-- TOC entry 2514 (class 0 OID 0)
-- Dependencies: 184
-- Name: modulo_modu_id_seq; Type: SEQUENCE OWNED BY; Schema: public; Owner: postgres
--

ALTER SEQUENCE modulo_modu_id_seq OWNED BY modulo.modu_id;


--
-- TOC entry 2515 (class 0 OID 0)
-- Dependencies: 184
-- Name: modulo_modu_id_seq; Type: SEQUENCE SET; Schema: public; Owner: postgres
--

SELECT pg_catalog.setval('modulo_modu_id_seq', 35, true);


--
-- TOC entry 197 (class 1259 OID 17082)
-- Dependencies: 6
-- Name: patrimonio; Type: TABLE; Schema: public; Owner: postgres; Tablespace: 
--

CREATE TABLE patrimonio (
    id_patrimonio integer NOT NULL,
    codigo_patrimonial character varying(150),
    descripcion character varying(200)
);


ALTER TABLE public.patrimonio OWNER TO postgres;

--
-- TOC entry 196 (class 1259 OID 17080)
-- Dependencies: 6 197
-- Name: patrimonio_id_patrimonio_seq; Type: SEQUENCE; Schema: public; Owner: postgres
--

CREATE SEQUENCE patrimonio_id_patrimonio_seq
    START WITH 1
    INCREMENT BY 1
    NO MINVALUE
    NO MAXVALUE
    CACHE 1;


ALTER TABLE public.patrimonio_id_patrimonio_seq OWNER TO postgres;

--
-- TOC entry 2516 (class 0 OID 0)
-- Dependencies: 196
-- Name: patrimonio_id_patrimonio_seq; Type: SEQUENCE OWNED BY; Schema: public; Owner: postgres
--

ALTER SEQUENCE patrimonio_id_patrimonio_seq OWNED BY patrimonio.id_patrimonio;


--
-- TOC entry 2517 (class 0 OID 0)
-- Dependencies: 196
-- Name: patrimonio_id_patrimonio_seq; Type: SEQUENCE SET; Schema: public; Owner: postgres
--

SELECT pg_catalog.setval('patrimonio_id_patrimonio_seq', 12, true);


--
-- TOC entry 185 (class 1259 OID 16514)
-- Dependencies: 2299 6
-- Name: perfil; Type: TABLE; Schema: public; Owner: postgres; Tablespace: 
--

CREATE TABLE perfil (
    perf_id integer NOT NULL,
    perf_descripcion character varying(150) NOT NULL,
    perf_estado boolean DEFAULT true NOT NULL
);


ALTER TABLE public.perfil OWNER TO postgres;

--
-- TOC entry 186 (class 1259 OID 16518)
-- Dependencies: 185 6
-- Name: perfil_perf_id_seq; Type: SEQUENCE; Schema: public; Owner: postgres
--

CREATE SEQUENCE perfil_perf_id_seq
    START WITH 1
    INCREMENT BY 1
    NO MINVALUE
    NO MAXVALUE
    CACHE 1;


ALTER TABLE public.perfil_perf_id_seq OWNER TO postgres;

--
-- TOC entry 2518 (class 0 OID 0)
-- Dependencies: 186
-- Name: perfil_perf_id_seq; Type: SEQUENCE OWNED BY; Schema: public; Owner: postgres
--

ALTER SEQUENCE perfil_perf_id_seq OWNED BY perfil.perf_id;


--
-- TOC entry 2519 (class 0 OID 0)
-- Dependencies: 186
-- Name: perfil_perf_id_seq; Type: SEQUENCE SET; Schema: public; Owner: postgres
--

SELECT pg_catalog.setval('perfil_perf_id_seq', 14, true);


--
-- TOC entry 187 (class 1259 OID 16520)
-- Dependencies: 2301 6
-- Name: permiso; Type: TABLE; Schema: public; Owner: postgres; Tablespace: 
--

CREATE TABLE permiso (
    modu_id integer NOT NULL,
    perf_id integer NOT NULL,
    perm_estado boolean DEFAULT true NOT NULL
);


ALTER TABLE public.permiso OWNER TO postgres;

--
-- TOC entry 229 (class 1259 OID 17893)
-- Dependencies: 6
-- Name: r_cluster; Type: TABLE; Schema: public; Owner: postgres; Tablespace: 
--

CREATE TABLE r_cluster (
    id_cluster bigint NOT NULL,
    name character varying(255),
    base_port character varying(255),
    sockets_buffer_size character varying(255),
    sockets_flush_interval character varying(255),
    sockets_compressed boolean,
    dynamic_cluster boolean
);


ALTER TABLE public.r_cluster OWNER TO postgres;

--
-- TOC entry 228 (class 1259 OID 17891)
-- Dependencies: 229 6
-- Name: r_cluster_id_cluster_seq; Type: SEQUENCE; Schema: public; Owner: postgres
--

CREATE SEQUENCE r_cluster_id_cluster_seq
    START WITH 1
    INCREMENT BY 1
    NO MINVALUE
    NO MAXVALUE
    CACHE 1;


ALTER TABLE public.r_cluster_id_cluster_seq OWNER TO postgres;

--
-- TOC entry 2520 (class 0 OID 0)
-- Dependencies: 228
-- Name: r_cluster_id_cluster_seq; Type: SEQUENCE OWNED BY; Schema: public; Owner: postgres
--

ALTER SEQUENCE r_cluster_id_cluster_seq OWNED BY r_cluster.id_cluster;


--
-- TOC entry 2521 (class 0 OID 0)
-- Dependencies: 228
-- Name: r_cluster_id_cluster_seq; Type: SEQUENCE SET; Schema: public; Owner: postgres
--

SELECT pg_catalog.setval('r_cluster_id_cluster_seq', 1, false);


--
-- TOC entry 233 (class 1259 OID 17911)
-- Dependencies: 6
-- Name: r_cluster_slave; Type: TABLE; Schema: public; Owner: postgres; Tablespace: 
--

CREATE TABLE r_cluster_slave (
    id_cluster_slave bigint NOT NULL,
    id_cluster integer,
    id_slave integer
);


ALTER TABLE public.r_cluster_slave OWNER TO postgres;

--
-- TOC entry 232 (class 1259 OID 17909)
-- Dependencies: 6 233
-- Name: r_cluster_slave_id_cluster_slave_seq; Type: SEQUENCE; Schema: public; Owner: postgres
--

CREATE SEQUENCE r_cluster_slave_id_cluster_slave_seq
    START WITH 1
    INCREMENT BY 1
    NO MINVALUE
    NO MAXVALUE
    CACHE 1;


ALTER TABLE public.r_cluster_slave_id_cluster_slave_seq OWNER TO postgres;

--
-- TOC entry 2522 (class 0 OID 0)
-- Dependencies: 232
-- Name: r_cluster_slave_id_cluster_slave_seq; Type: SEQUENCE OWNED BY; Schema: public; Owner: postgres
--

ALTER SEQUENCE r_cluster_slave_id_cluster_slave_seq OWNED BY r_cluster_slave.id_cluster_slave;


--
-- TOC entry 2523 (class 0 OID 0)
-- Dependencies: 232
-- Name: r_cluster_slave_id_cluster_slave_seq; Type: SEQUENCE SET; Schema: public; Owner: postgres
--

SELECT pg_catalog.setval('r_cluster_slave_id_cluster_slave_seq', 1, false);


--
-- TOC entry 242 (class 1259 OID 17938)
-- Dependencies: 6
-- Name: r_condition; Type: TABLE; Schema: public; Owner: postgres; Tablespace: 
--

CREATE TABLE r_condition (
    id_condition bigint NOT NULL,
    id_condition_parent integer,
    negated boolean,
    operator character varying(255),
    left_name character varying(255),
    condition_function character varying(255),
    right_name character varying(255),
    id_value_right integer
);


ALTER TABLE public.r_condition OWNER TO postgres;

--
-- TOC entry 241 (class 1259 OID 17936)
-- Dependencies: 242 6
-- Name: r_condition_id_condition_seq; Type: SEQUENCE; Schema: public; Owner: postgres
--

CREATE SEQUENCE r_condition_id_condition_seq
    START WITH 1
    INCREMENT BY 1
    NO MINVALUE
    NO MAXVALUE
    CACHE 1;


ALTER TABLE public.r_condition_id_condition_seq OWNER TO postgres;

--
-- TOC entry 2524 (class 0 OID 0)
-- Dependencies: 241
-- Name: r_condition_id_condition_seq; Type: SEQUENCE OWNED BY; Schema: public; Owner: postgres
--

ALTER SEQUENCE r_condition_id_condition_seq OWNED BY r_condition.id_condition;


--
-- TOC entry 2525 (class 0 OID 0)
-- Dependencies: 241
-- Name: r_condition_id_condition_seq; Type: SEQUENCE SET; Schema: public; Owner: postgres
--

SELECT pg_catalog.setval('r_condition_id_condition_seq', 1, false);


--
-- TOC entry 209 (class 1259 OID 17808)
-- Dependencies: 6
-- Name: r_database; Type: TABLE; Schema: public; Owner: postgres; Tablespace: 
--

CREATE TABLE r_database (
    id_database bigint NOT NULL,
    name character varying(255),
    id_database_type integer,
    id_database_contype integer,
    host_name character varying(255),
    database_name character varying(2000000),
    port integer,
    username character varying(255),
    password character varying(255),
    servername character varying(255),
    data_tbs character varying(255),
    index_tbs character varying(255)
);


ALTER TABLE public.r_database OWNER TO postgres;

--
-- TOC entry 211 (class 1259 OID 17817)
-- Dependencies: 6
-- Name: r_database_attribute; Type: TABLE; Schema: public; Owner: postgres; Tablespace: 
--

CREATE TABLE r_database_attribute (
    id_database_attribute bigint NOT NULL,
    id_database integer,
    code character varying(255),
    value_str character varying(2000000)
);


ALTER TABLE public.r_database_attribute OWNER TO postgres;

--
-- TOC entry 210 (class 1259 OID 17815)
-- Dependencies: 211 6
-- Name: r_database_attribute_id_database_attribute_seq; Type: SEQUENCE; Schema: public; Owner: postgres
--

CREATE SEQUENCE r_database_attribute_id_database_attribute_seq
    START WITH 1
    INCREMENT BY 1
    NO MINVALUE
    NO MAXVALUE
    CACHE 1;


ALTER TABLE public.r_database_attribute_id_database_attribute_seq OWNER TO postgres;

--
-- TOC entry 2526 (class 0 OID 0)
-- Dependencies: 210
-- Name: r_database_attribute_id_database_attribute_seq; Type: SEQUENCE OWNED BY; Schema: public; Owner: postgres
--

ALTER SEQUENCE r_database_attribute_id_database_attribute_seq OWNED BY r_database_attribute.id_database_attribute;


--
-- TOC entry 2527 (class 0 OID 0)
-- Dependencies: 210
-- Name: r_database_attribute_id_database_attribute_seq; Type: SEQUENCE SET; Schema: public; Owner: postgres
--

SELECT pg_catalog.setval('r_database_attribute_id_database_attribute_seq', 1, false);


--
-- TOC entry 205 (class 1259 OID 17790)
-- Dependencies: 6
-- Name: r_database_contype; Type: TABLE; Schema: public; Owner: postgres; Tablespace: 
--

CREATE TABLE r_database_contype (
    id_database_contype bigint NOT NULL,
    code character varying(255),
    description character varying(255)
);


ALTER TABLE public.r_database_contype OWNER TO postgres;

--
-- TOC entry 204 (class 1259 OID 17788)
-- Dependencies: 205 6
-- Name: r_database_contype_id_database_contype_seq; Type: SEQUENCE; Schema: public; Owner: postgres
--

CREATE SEQUENCE r_database_contype_id_database_contype_seq
    START WITH 1
    INCREMENT BY 1
    NO MINVALUE
    NO MAXVALUE
    CACHE 1;


ALTER TABLE public.r_database_contype_id_database_contype_seq OWNER TO postgres;

--
-- TOC entry 2528 (class 0 OID 0)
-- Dependencies: 204
-- Name: r_database_contype_id_database_contype_seq; Type: SEQUENCE OWNED BY; Schema: public; Owner: postgres
--

ALTER SEQUENCE r_database_contype_id_database_contype_seq OWNED BY r_database_contype.id_database_contype;


--
-- TOC entry 2529 (class 0 OID 0)
-- Dependencies: 204
-- Name: r_database_contype_id_database_contype_seq; Type: SEQUENCE SET; Schema: public; Owner: postgres
--

SELECT pg_catalog.setval('r_database_contype_id_database_contype_seq', 1, false);


--
-- TOC entry 208 (class 1259 OID 17806)
-- Dependencies: 6 209
-- Name: r_database_id_database_seq; Type: SEQUENCE; Schema: public; Owner: postgres
--

CREATE SEQUENCE r_database_id_database_seq
    START WITH 1
    INCREMENT BY 1
    NO MINVALUE
    NO MAXVALUE
    CACHE 1;


ALTER TABLE public.r_database_id_database_seq OWNER TO postgres;

--
-- TOC entry 2530 (class 0 OID 0)
-- Dependencies: 208
-- Name: r_database_id_database_seq; Type: SEQUENCE OWNED BY; Schema: public; Owner: postgres
--

ALTER SEQUENCE r_database_id_database_seq OWNED BY r_database.id_database;


--
-- TOC entry 2531 (class 0 OID 0)
-- Dependencies: 208
-- Name: r_database_id_database_seq; Type: SEQUENCE SET; Schema: public; Owner: postgres
--

SELECT pg_catalog.setval('r_database_id_database_seq', 1, false);


--
-- TOC entry 203 (class 1259 OID 17781)
-- Dependencies: 6
-- Name: r_database_type; Type: TABLE; Schema: public; Owner: postgres; Tablespace: 
--

CREATE TABLE r_database_type (
    id_database_type bigint NOT NULL,
    code character varying(255),
    description character varying(255)
);


ALTER TABLE public.r_database_type OWNER TO postgres;

--
-- TOC entry 202 (class 1259 OID 17779)
-- Dependencies: 203 6
-- Name: r_database_type_id_database_type_seq; Type: SEQUENCE; Schema: public; Owner: postgres
--

CREATE SEQUENCE r_database_type_id_database_type_seq
    START WITH 1
    INCREMENT BY 1
    NO MINVALUE
    NO MAXVALUE
    CACHE 1;


ALTER TABLE public.r_database_type_id_database_type_seq OWNER TO postgres;

--
-- TOC entry 2532 (class 0 OID 0)
-- Dependencies: 202
-- Name: r_database_type_id_database_type_seq; Type: SEQUENCE OWNED BY; Schema: public; Owner: postgres
--

ALTER SEQUENCE r_database_type_id_database_type_seq OWNED BY r_database_type.id_database_type;


--
-- TOC entry 2533 (class 0 OID 0)
-- Dependencies: 202
-- Name: r_database_type_id_database_type_seq; Type: SEQUENCE SET; Schema: public; Owner: postgres
--

SELECT pg_catalog.setval('r_database_type_id_database_type_seq', 1, false);


--
-- TOC entry 221 (class 1259 OID 17863)
-- Dependencies: 6
-- Name: r_dependency; Type: TABLE; Schema: public; Owner: postgres; Tablespace: 
--

CREATE TABLE r_dependency (
    id_dependency bigint NOT NULL,
    id_transformation integer,
    id_database integer,
    table_name character varying(255),
    field_name character varying(255)
);


ALTER TABLE public.r_dependency OWNER TO postgres;

--
-- TOC entry 220 (class 1259 OID 17861)
-- Dependencies: 221 6
-- Name: r_dependency_id_dependency_seq; Type: SEQUENCE; Schema: public; Owner: postgres
--

CREATE SEQUENCE r_dependency_id_dependency_seq
    START WITH 1
    INCREMENT BY 1
    NO MINVALUE
    NO MAXVALUE
    CACHE 1;


ALTER TABLE public.r_dependency_id_dependency_seq OWNER TO postgres;

--
-- TOC entry 2534 (class 0 OID 0)
-- Dependencies: 220
-- Name: r_dependency_id_dependency_seq; Type: SEQUENCE OWNED BY; Schema: public; Owner: postgres
--

ALTER SEQUENCE r_dependency_id_dependency_seq OWNED BY r_dependency.id_dependency;


--
-- TOC entry 2535 (class 0 OID 0)
-- Dependencies: 220
-- Name: r_dependency_id_dependency_seq; Type: SEQUENCE SET; Schema: public; Owner: postgres
--

SELECT pg_catalog.setval('r_dependency_id_dependency_seq', 1, false);


--
-- TOC entry 213 (class 1259 OID 17827)
-- Dependencies: 6
-- Name: r_directory; Type: TABLE; Schema: public; Owner: postgres; Tablespace: 
--

CREATE TABLE r_directory (
    id_directory bigint NOT NULL,
    id_directory_parent integer,
    directory_name character varying(255)
);


ALTER TABLE public.r_directory OWNER TO postgres;

--
-- TOC entry 212 (class 1259 OID 17825)
-- Dependencies: 6 213
-- Name: r_directory_id_directory_seq; Type: SEQUENCE; Schema: public; Owner: postgres
--

CREATE SEQUENCE r_directory_id_directory_seq
    START WITH 1
    INCREMENT BY 1
    NO MINVALUE
    NO MAXVALUE
    CACHE 1;


ALTER TABLE public.r_directory_id_directory_seq OWNER TO postgres;

--
-- TOC entry 2536 (class 0 OID 0)
-- Dependencies: 212
-- Name: r_directory_id_directory_seq; Type: SEQUENCE OWNED BY; Schema: public; Owner: postgres
--

ALTER SEQUENCE r_directory_id_directory_seq OWNED BY r_directory.id_directory;


--
-- TOC entry 2537 (class 0 OID 0)
-- Dependencies: 212
-- Name: r_directory_id_directory_seq; Type: SEQUENCE SET; Schema: public; Owner: postgres
--

SELECT pg_catalog.setval('r_directory_id_directory_seq', 1, false);


--
-- TOC entry 280 (class 1259 OID 18103)
-- Dependencies: 6
-- Name: r_element; Type: TABLE; Schema: public; Owner: postgres; Tablespace: 
--

CREATE TABLE r_element (
    id_element bigint NOT NULL,
    id_element_type integer,
    name character varying(2000000)
);


ALTER TABLE public.r_element OWNER TO postgres;

--
-- TOC entry 282 (class 1259 OID 18112)
-- Dependencies: 6
-- Name: r_element_attribute; Type: TABLE; Schema: public; Owner: postgres; Tablespace: 
--

CREATE TABLE r_element_attribute (
    id_element_attribute bigint NOT NULL,
    id_element integer,
    id_element_attribute_parent integer,
    attr_key character varying(255),
    attr_value character varying(2000000)
);


ALTER TABLE public.r_element_attribute OWNER TO postgres;

--
-- TOC entry 281 (class 1259 OID 18110)
-- Dependencies: 6 282
-- Name: r_element_attribute_id_element_attribute_seq; Type: SEQUENCE; Schema: public; Owner: postgres
--

CREATE SEQUENCE r_element_attribute_id_element_attribute_seq
    START WITH 1
    INCREMENT BY 1
    NO MINVALUE
    NO MAXVALUE
    CACHE 1;


ALTER TABLE public.r_element_attribute_id_element_attribute_seq OWNER TO postgres;

--
-- TOC entry 2538 (class 0 OID 0)
-- Dependencies: 281
-- Name: r_element_attribute_id_element_attribute_seq; Type: SEQUENCE OWNED BY; Schema: public; Owner: postgres
--

ALTER SEQUENCE r_element_attribute_id_element_attribute_seq OWNED BY r_element_attribute.id_element_attribute;


--
-- TOC entry 2539 (class 0 OID 0)
-- Dependencies: 281
-- Name: r_element_attribute_id_element_attribute_seq; Type: SEQUENCE SET; Schema: public; Owner: postgres
--

SELECT pg_catalog.setval('r_element_attribute_id_element_attribute_seq', 1, false);


--
-- TOC entry 279 (class 1259 OID 18101)
-- Dependencies: 280 6
-- Name: r_element_id_element_seq; Type: SEQUENCE; Schema: public; Owner: postgres
--

CREATE SEQUENCE r_element_id_element_seq
    START WITH 1
    INCREMENT BY 1
    NO MINVALUE
    NO MAXVALUE
    CACHE 1;


ALTER TABLE public.r_element_id_element_seq OWNER TO postgres;

--
-- TOC entry 2540 (class 0 OID 0)
-- Dependencies: 279
-- Name: r_element_id_element_seq; Type: SEQUENCE OWNED BY; Schema: public; Owner: postgres
--

ALTER SEQUENCE r_element_id_element_seq OWNED BY r_element.id_element;


--
-- TOC entry 2541 (class 0 OID 0)
-- Dependencies: 279
-- Name: r_element_id_element_seq; Type: SEQUENCE SET; Schema: public; Owner: postgres
--

SELECT pg_catalog.setval('r_element_id_element_seq', 1, false);


--
-- TOC entry 278 (class 1259 OID 18094)
-- Dependencies: 6
-- Name: r_element_type; Type: TABLE; Schema: public; Owner: postgres; Tablespace: 
--

CREATE TABLE r_element_type (
    id_element_type bigint NOT NULL,
    id_namespace integer,
    name character varying(2000000),
    description character varying(2000000)
);


ALTER TABLE public.r_element_type OWNER TO postgres;

--
-- TOC entry 277 (class 1259 OID 18092)
-- Dependencies: 6 278
-- Name: r_element_type_id_element_type_seq; Type: SEQUENCE; Schema: public; Owner: postgres
--

CREATE SEQUENCE r_element_type_id_element_type_seq
    START WITH 1
    INCREMENT BY 1
    NO MINVALUE
    NO MAXVALUE
    CACHE 1;


ALTER TABLE public.r_element_type_id_element_type_seq OWNER TO postgres;

--
-- TOC entry 2542 (class 0 OID 0)
-- Dependencies: 277
-- Name: r_element_type_id_element_type_seq; Type: SEQUENCE OWNED BY; Schema: public; Owner: postgres
--

ALTER SEQUENCE r_element_type_id_element_type_seq OWNED BY r_element_type.id_element_type;


--
-- TOC entry 2543 (class 0 OID 0)
-- Dependencies: 277
-- Name: r_element_type_id_element_type_seq; Type: SEQUENCE SET; Schema: public; Owner: postgres
--

SELECT pg_catalog.setval('r_element_type_id_element_type_seq', 1, false);


--
-- TOC entry 258 (class 1259 OID 18010)
-- Dependencies: 6
-- Name: r_job; Type: TABLE; Schema: public; Owner: postgres; Tablespace: 
--

CREATE TABLE r_job (
    id_job bigint NOT NULL,
    id_directory integer,
    name character varying(255),
    description character varying(2000000),
    extended_description character varying(2000000),
    job_version character varying(255),
    job_status integer,
    id_database_log integer,
    table_name_log character varying(255),
    created_user character varying(255),
    created_date timestamp without time zone,
    modified_user character varying(255),
    modified_date timestamp without time zone,
    use_batch_id boolean,
    pass_batch_id boolean,
    use_logfield boolean,
    shared_file character varying(255)
);


ALTER TABLE public.r_job OWNER TO postgres;

--
-- TOC entry 219 (class 1259 OID 17853)
-- Dependencies: 6
-- Name: r_job_attribute; Type: TABLE; Schema: public; Owner: postgres; Tablespace: 
--

CREATE TABLE r_job_attribute (
    id_job_attribute bigint NOT NULL,
    id_job integer,
    nr integer,
    code character varying(255),
    value_num bigint,
    value_str character varying(2000000)
);


ALTER TABLE public.r_job_attribute OWNER TO postgres;

--
-- TOC entry 218 (class 1259 OID 17851)
-- Dependencies: 219 6
-- Name: r_job_attribute_id_job_attribute_seq; Type: SEQUENCE; Schema: public; Owner: postgres
--

CREATE SEQUENCE r_job_attribute_id_job_attribute_seq
    START WITH 1
    INCREMENT BY 1
    NO MINVALUE
    NO MAXVALUE
    CACHE 1;


ALTER TABLE public.r_job_attribute_id_job_attribute_seq OWNER TO postgres;

--
-- TOC entry 2544 (class 0 OID 0)
-- Dependencies: 218
-- Name: r_job_attribute_id_job_attribute_seq; Type: SEQUENCE OWNED BY; Schema: public; Owner: postgres
--

ALTER SEQUENCE r_job_attribute_id_job_attribute_seq OWNED BY r_job_attribute.id_job_attribute;


--
-- TOC entry 2545 (class 0 OID 0)
-- Dependencies: 218
-- Name: r_job_attribute_id_job_attribute_seq; Type: SEQUENCE SET; Schema: public; Owner: postgres
--

SELECT pg_catalog.setval('r_job_attribute_id_job_attribute_seq', 1, false);


--
-- TOC entry 269 (class 1259 OID 18058)
-- Dependencies: 6
-- Name: r_job_hop; Type: TABLE; Schema: public; Owner: postgres; Tablespace: 
--

CREATE TABLE r_job_hop (
    id_job_hop bigint NOT NULL,
    id_job integer,
    id_jobentry_copy_from integer,
    id_jobentry_copy_to integer,
    enabled boolean,
    evaluation boolean,
    unconditional boolean
);


ALTER TABLE public.r_job_hop OWNER TO postgres;

--
-- TOC entry 268 (class 1259 OID 18056)
-- Dependencies: 6 269
-- Name: r_job_hop_id_job_hop_seq; Type: SEQUENCE; Schema: public; Owner: postgres
--

CREATE SEQUENCE r_job_hop_id_job_hop_seq
    START WITH 1
    INCREMENT BY 1
    NO MINVALUE
    NO MAXVALUE
    CACHE 1;


ALTER TABLE public.r_job_hop_id_job_hop_seq OWNER TO postgres;

--
-- TOC entry 2546 (class 0 OID 0)
-- Dependencies: 268
-- Name: r_job_hop_id_job_hop_seq; Type: SEQUENCE OWNED BY; Schema: public; Owner: postgres
--

ALTER SEQUENCE r_job_hop_id_job_hop_seq OWNED BY r_job_hop.id_job_hop;


--
-- TOC entry 2547 (class 0 OID 0)
-- Dependencies: 268
-- Name: r_job_hop_id_job_hop_seq; Type: SEQUENCE SET; Schema: public; Owner: postgres
--

SELECT pg_catalog.setval('r_job_hop_id_job_hop_seq', 1, false);


--
-- TOC entry 257 (class 1259 OID 18008)
-- Dependencies: 258 6
-- Name: r_job_id_job_seq; Type: SEQUENCE; Schema: public; Owner: postgres
--

CREATE SEQUENCE r_job_id_job_seq
    START WITH 1
    INCREMENT BY 1
    NO MINVALUE
    NO MAXVALUE
    CACHE 1;


ALTER TABLE public.r_job_id_job_seq OWNER TO postgres;

--
-- TOC entry 2548 (class 0 OID 0)
-- Dependencies: 257
-- Name: r_job_id_job_seq; Type: SEQUENCE OWNED BY; Schema: public; Owner: postgres
--

ALTER SEQUENCE r_job_id_job_seq OWNED BY r_job.id_job;


--
-- TOC entry 2549 (class 0 OID 0)
-- Dependencies: 257
-- Name: r_job_id_job_seq; Type: SEQUENCE SET; Schema: public; Owner: postgres
--

SELECT pg_catalog.setval('r_job_id_job_seq', 1, false);


--
-- TOC entry 274 (class 1259 OID 18076)
-- Dependencies: 6
-- Name: r_job_lock; Type: TABLE; Schema: public; Owner: postgres; Tablespace: 
--

CREATE TABLE r_job_lock (
    id_job_lock bigint NOT NULL,
    id_job integer,
    id_user integer,
    lock_message character varying(2000000),
    lock_date timestamp without time zone
);


ALTER TABLE public.r_job_lock OWNER TO postgres;

--
-- TOC entry 273 (class 1259 OID 18074)
-- Dependencies: 6 274
-- Name: r_job_lock_id_job_lock_seq; Type: SEQUENCE; Schema: public; Owner: postgres
--

CREATE SEQUENCE r_job_lock_id_job_lock_seq
    START WITH 1
    INCREMENT BY 1
    NO MINVALUE
    NO MAXVALUE
    CACHE 1;


ALTER TABLE public.r_job_lock_id_job_lock_seq OWNER TO postgres;

--
-- TOC entry 2550 (class 0 OID 0)
-- Dependencies: 273
-- Name: r_job_lock_id_job_lock_seq; Type: SEQUENCE OWNED BY; Schema: public; Owner: postgres
--

ALTER SEQUENCE r_job_lock_id_job_lock_seq OWNED BY r_job_lock.id_job_lock;


--
-- TOC entry 2551 (class 0 OID 0)
-- Dependencies: 273
-- Name: r_job_lock_id_job_lock_seq; Type: SEQUENCE SET; Schema: public; Owner: postgres
--

SELECT pg_catalog.setval('r_job_lock_id_job_lock_seq', 1, false);


--
-- TOC entry 270 (class 1259 OID 18062)
-- Dependencies: 6
-- Name: r_job_note; Type: TABLE; Schema: public; Owner: postgres; Tablespace: 
--

CREATE TABLE r_job_note (
    id_job integer,
    id_note integer
);


ALTER TABLE public.r_job_note OWNER TO postgres;

--
-- TOC entry 263 (class 1259 OID 18033)
-- Dependencies: 6
-- Name: r_jobentry; Type: TABLE; Schema: public; Owner: postgres; Tablespace: 
--

CREATE TABLE r_jobentry (
    id_jobentry bigint NOT NULL,
    id_job integer,
    id_jobentry_type integer,
    name character varying(255),
    description character varying(2000000)
);


ALTER TABLE public.r_jobentry OWNER TO postgres;

--
-- TOC entry 267 (class 1259 OID 18048)
-- Dependencies: 6
-- Name: r_jobentry_attribute; Type: TABLE; Schema: public; Owner: postgres; Tablespace: 
--

CREATE TABLE r_jobentry_attribute (
    id_jobentry_attribute bigint NOT NULL,
    id_job integer,
    id_jobentry integer,
    nr integer,
    code character varying(255),
    value_num numeric(15,2),
    value_str character varying(2000000)
);


ALTER TABLE public.r_jobentry_attribute OWNER TO postgres;

--
-- TOC entry 266 (class 1259 OID 18046)
-- Dependencies: 267 6
-- Name: r_jobentry_attribute_id_jobentry_attribute_seq; Type: SEQUENCE; Schema: public; Owner: postgres
--

CREATE SEQUENCE r_jobentry_attribute_id_jobentry_attribute_seq
    START WITH 1
    INCREMENT BY 1
    NO MINVALUE
    NO MAXVALUE
    CACHE 1;


ALTER TABLE public.r_jobentry_attribute_id_jobentry_attribute_seq OWNER TO postgres;

--
-- TOC entry 2552 (class 0 OID 0)
-- Dependencies: 266
-- Name: r_jobentry_attribute_id_jobentry_attribute_seq; Type: SEQUENCE OWNED BY; Schema: public; Owner: postgres
--

ALTER SEQUENCE r_jobentry_attribute_id_jobentry_attribute_seq OWNED BY r_jobentry_attribute.id_jobentry_attribute;


--
-- TOC entry 2553 (class 0 OID 0)
-- Dependencies: 266
-- Name: r_jobentry_attribute_id_jobentry_attribute_seq; Type: SEQUENCE SET; Schema: public; Owner: postgres
--

SELECT pg_catalog.setval('r_jobentry_attribute_id_jobentry_attribute_seq', 1, false);


--
-- TOC entry 265 (class 1259 OID 18042)
-- Dependencies: 6
-- Name: r_jobentry_copy; Type: TABLE; Schema: public; Owner: postgres; Tablespace: 
--

CREATE TABLE r_jobentry_copy (
    id_jobentry_copy bigint NOT NULL,
    id_jobentry integer,
    id_job integer,
    id_jobentry_type integer,
    nr smallint,
    gui_location_x integer,
    gui_location_y integer,
    gui_draw boolean,
    parallel boolean
);


ALTER TABLE public.r_jobentry_copy OWNER TO postgres;

--
-- TOC entry 264 (class 1259 OID 18040)
-- Dependencies: 265 6
-- Name: r_jobentry_copy_id_jobentry_copy_seq; Type: SEQUENCE; Schema: public; Owner: postgres
--

CREATE SEQUENCE r_jobentry_copy_id_jobentry_copy_seq
    START WITH 1
    INCREMENT BY 1
    NO MINVALUE
    NO MAXVALUE
    CACHE 1;


ALTER TABLE public.r_jobentry_copy_id_jobentry_copy_seq OWNER TO postgres;

--
-- TOC entry 2554 (class 0 OID 0)
-- Dependencies: 264
-- Name: r_jobentry_copy_id_jobentry_copy_seq; Type: SEQUENCE OWNED BY; Schema: public; Owner: postgres
--

ALTER SEQUENCE r_jobentry_copy_id_jobentry_copy_seq OWNED BY r_jobentry_copy.id_jobentry_copy;


--
-- TOC entry 2555 (class 0 OID 0)
-- Dependencies: 264
-- Name: r_jobentry_copy_id_jobentry_copy_seq; Type: SEQUENCE SET; Schema: public; Owner: postgres
--

SELECT pg_catalog.setval('r_jobentry_copy_id_jobentry_copy_seq', 1, false);


--
-- TOC entry 259 (class 1259 OID 18017)
-- Dependencies: 6
-- Name: r_jobentry_database; Type: TABLE; Schema: public; Owner: postgres; Tablespace: 
--

CREATE TABLE r_jobentry_database (
    id_job integer,
    id_jobentry integer,
    id_database integer
);


ALTER TABLE public.r_jobentry_database OWNER TO postgres;

--
-- TOC entry 262 (class 1259 OID 18031)
-- Dependencies: 6 263
-- Name: r_jobentry_id_jobentry_seq; Type: SEQUENCE; Schema: public; Owner: postgres
--

CREATE SEQUENCE r_jobentry_id_jobentry_seq
    START WITH 1
    INCREMENT BY 1
    NO MINVALUE
    NO MAXVALUE
    CACHE 1;


ALTER TABLE public.r_jobentry_id_jobentry_seq OWNER TO postgres;

--
-- TOC entry 2556 (class 0 OID 0)
-- Dependencies: 262
-- Name: r_jobentry_id_jobentry_seq; Type: SEQUENCE OWNED BY; Schema: public; Owner: postgres
--

ALTER SEQUENCE r_jobentry_id_jobentry_seq OWNED BY r_jobentry.id_jobentry;


--
-- TOC entry 2557 (class 0 OID 0)
-- Dependencies: 262
-- Name: r_jobentry_id_jobentry_seq; Type: SEQUENCE SET; Schema: public; Owner: postgres
--

SELECT pg_catalog.setval('r_jobentry_id_jobentry_seq', 1, false);


--
-- TOC entry 261 (class 1259 OID 18024)
-- Dependencies: 6
-- Name: r_jobentry_type; Type: TABLE; Schema: public; Owner: postgres; Tablespace: 
--

CREATE TABLE r_jobentry_type (
    id_jobentry_type bigint NOT NULL,
    code character varying(255),
    description character varying(255)
);


ALTER TABLE public.r_jobentry_type OWNER TO postgres;

--
-- TOC entry 260 (class 1259 OID 18022)
-- Dependencies: 6 261
-- Name: r_jobentry_type_id_jobentry_type_seq; Type: SEQUENCE; Schema: public; Owner: postgres
--

CREATE SEQUENCE r_jobentry_type_id_jobentry_type_seq
    START WITH 1
    INCREMENT BY 1
    NO MINVALUE
    NO MAXVALUE
    CACHE 1;


ALTER TABLE public.r_jobentry_type_id_jobentry_type_seq OWNER TO postgres;

--
-- TOC entry 2558 (class 0 OID 0)
-- Dependencies: 260
-- Name: r_jobentry_type_id_jobentry_type_seq; Type: SEQUENCE OWNED BY; Schema: public; Owner: postgres
--

ALTER SEQUENCE r_jobentry_type_id_jobentry_type_seq OWNED BY r_jobentry_type.id_jobentry_type;


--
-- TOC entry 2559 (class 0 OID 0)
-- Dependencies: 260
-- Name: r_jobentry_type_id_jobentry_type_seq; Type: SEQUENCE SET; Schema: public; Owner: postgres
--

SELECT pg_catalog.setval('r_jobentry_type_id_jobentry_type_seq', 1, false);


--
-- TOC entry 256 (class 1259 OID 18001)
-- Dependencies: 6
-- Name: r_log; Type: TABLE; Schema: public; Owner: postgres; Tablespace: 
--

CREATE TABLE r_log (
    id_log bigint NOT NULL,
    name character varying(255),
    id_loglevel integer,
    logtype character varying(255),
    filename character varying(255),
    fileextention character varying(255),
    add_date boolean,
    add_time boolean,
    id_database_log integer,
    table_name_log character varying(255)
);


ALTER TABLE public.r_log OWNER TO postgres;

--
-- TOC entry 255 (class 1259 OID 17999)
-- Dependencies: 6 256
-- Name: r_log_id_log_seq; Type: SEQUENCE; Schema: public; Owner: postgres
--

CREATE SEQUENCE r_log_id_log_seq
    START WITH 1
    INCREMENT BY 1
    NO MINVALUE
    NO MAXVALUE
    CACHE 1;


ALTER TABLE public.r_log_id_log_seq OWNER TO postgres;

--
-- TOC entry 2560 (class 0 OID 0)
-- Dependencies: 255
-- Name: r_log_id_log_seq; Type: SEQUENCE OWNED BY; Schema: public; Owner: postgres
--

ALTER SEQUENCE r_log_id_log_seq OWNED BY r_log.id_log;


--
-- TOC entry 2561 (class 0 OID 0)
-- Dependencies: 255
-- Name: r_log_id_log_seq; Type: SEQUENCE SET; Schema: public; Owner: postgres
--

SELECT pg_catalog.setval('r_log_id_log_seq', 1, false);


--
-- TOC entry 254 (class 1259 OID 17992)
-- Dependencies: 6
-- Name: r_loglevel; Type: TABLE; Schema: public; Owner: postgres; Tablespace: 
--

CREATE TABLE r_loglevel (
    id_loglevel bigint NOT NULL,
    code character varying(255),
    description character varying(255)
);


ALTER TABLE public.r_loglevel OWNER TO postgres;

--
-- TOC entry 253 (class 1259 OID 17990)
-- Dependencies: 254 6
-- Name: r_loglevel_id_loglevel_seq; Type: SEQUENCE; Schema: public; Owner: postgres
--

CREATE SEQUENCE r_loglevel_id_loglevel_seq
    START WITH 1
    INCREMENT BY 1
    NO MINVALUE
    NO MAXVALUE
    CACHE 1;


ALTER TABLE public.r_loglevel_id_loglevel_seq OWNER TO postgres;

--
-- TOC entry 2562 (class 0 OID 0)
-- Dependencies: 253
-- Name: r_loglevel_id_loglevel_seq; Type: SEQUENCE OWNED BY; Schema: public; Owner: postgres
--

ALTER SEQUENCE r_loglevel_id_loglevel_seq OWNED BY r_loglevel.id_loglevel;


--
-- TOC entry 2563 (class 0 OID 0)
-- Dependencies: 253
-- Name: r_loglevel_id_loglevel_seq; Type: SEQUENCE SET; Schema: public; Owner: postgres
--

SELECT pg_catalog.setval('r_loglevel_id_loglevel_seq', 1, false);


--
-- TOC entry 276 (class 1259 OID 18085)
-- Dependencies: 6
-- Name: r_namespace; Type: TABLE; Schema: public; Owner: postgres; Tablespace: 
--

CREATE TABLE r_namespace (
    id_namespace bigint NOT NULL,
    name character varying(2000000)
);


ALTER TABLE public.r_namespace OWNER TO postgres;

--
-- TOC entry 275 (class 1259 OID 18083)
-- Dependencies: 276 6
-- Name: r_namespace_id_namespace_seq; Type: SEQUENCE; Schema: public; Owner: postgres
--

CREATE SEQUENCE r_namespace_id_namespace_seq
    START WITH 1
    INCREMENT BY 1
    NO MINVALUE
    NO MAXVALUE
    CACHE 1;


ALTER TABLE public.r_namespace_id_namespace_seq OWNER TO postgres;

--
-- TOC entry 2564 (class 0 OID 0)
-- Dependencies: 275
-- Name: r_namespace_id_namespace_seq; Type: SEQUENCE OWNED BY; Schema: public; Owner: postgres
--

ALTER SEQUENCE r_namespace_id_namespace_seq OWNED BY r_namespace.id_namespace;


--
-- TOC entry 2565 (class 0 OID 0)
-- Dependencies: 275
-- Name: r_namespace_id_namespace_seq; Type: SEQUENCE SET; Schema: public; Owner: postgres
--

SELECT pg_catalog.setval('r_namespace_id_namespace_seq', 1, false);


--
-- TOC entry 207 (class 1259 OID 17799)
-- Dependencies: 6
-- Name: r_note; Type: TABLE; Schema: public; Owner: postgres; Tablespace: 
--

CREATE TABLE r_note (
    id_note bigint NOT NULL,
    value_str character varying(2000000),
    gui_location_x integer,
    gui_location_y integer,
    gui_location_width integer,
    gui_location_height integer,
    font_name character varying(2000000),
    font_size integer,
    font_bold boolean,
    font_italic boolean,
    font_color_red integer,
    font_color_green integer,
    font_color_blue integer,
    font_back_ground_color_red integer,
    font_back_ground_color_green integer,
    font_back_ground_color_blue integer,
    font_border_color_red integer,
    font_border_color_green integer,
    font_border_color_blue integer,
    draw_shadow boolean
);


ALTER TABLE public.r_note OWNER TO postgres;

--
-- TOC entry 206 (class 1259 OID 17797)
-- Dependencies: 207 6
-- Name: r_note_id_note_seq; Type: SEQUENCE; Schema: public; Owner: postgres
--

CREATE SEQUENCE r_note_id_note_seq
    START WITH 1
    INCREMENT BY 1
    NO MINVALUE
    NO MAXVALUE
    CACHE 1;


ALTER TABLE public.r_note_id_note_seq OWNER TO postgres;

--
-- TOC entry 2566 (class 0 OID 0)
-- Dependencies: 206
-- Name: r_note_id_note_seq; Type: SEQUENCE OWNED BY; Schema: public; Owner: postgres
--

ALTER SEQUENCE r_note_id_note_seq OWNED BY r_note.id_note;


--
-- TOC entry 2567 (class 0 OID 0)
-- Dependencies: 206
-- Name: r_note_id_note_seq; Type: SEQUENCE SET; Schema: public; Owner: postgres
--

SELECT pg_catalog.setval('r_note_id_note_seq', 1, false);


--
-- TOC entry 225 (class 1259 OID 17881)
-- Dependencies: 6
-- Name: r_partition; Type: TABLE; Schema: public; Owner: postgres; Tablespace: 
--

CREATE TABLE r_partition (
    id_partition bigint NOT NULL,
    id_partition_schema integer,
    partition_id character varying(255)
);


ALTER TABLE public.r_partition OWNER TO postgres;

--
-- TOC entry 224 (class 1259 OID 17879)
-- Dependencies: 225 6
-- Name: r_partition_id_partition_seq; Type: SEQUENCE; Schema: public; Owner: postgres
--

CREATE SEQUENCE r_partition_id_partition_seq
    START WITH 1
    INCREMENT BY 1
    NO MINVALUE
    NO MAXVALUE
    CACHE 1;


ALTER TABLE public.r_partition_id_partition_seq OWNER TO postgres;

--
-- TOC entry 2568 (class 0 OID 0)
-- Dependencies: 224
-- Name: r_partition_id_partition_seq; Type: SEQUENCE OWNED BY; Schema: public; Owner: postgres
--

ALTER SEQUENCE r_partition_id_partition_seq OWNED BY r_partition.id_partition;


--
-- TOC entry 2569 (class 0 OID 0)
-- Dependencies: 224
-- Name: r_partition_id_partition_seq; Type: SEQUENCE SET; Schema: public; Owner: postgres
--

SELECT pg_catalog.setval('r_partition_id_partition_seq', 1, false);


--
-- TOC entry 223 (class 1259 OID 17872)
-- Dependencies: 6
-- Name: r_partition_schema; Type: TABLE; Schema: public; Owner: postgres; Tablespace: 
--

CREATE TABLE r_partition_schema (
    id_partition_schema bigint NOT NULL,
    name character varying(255),
    dynamic_definition boolean,
    partitions_per_slave character varying(255)
);


ALTER TABLE public.r_partition_schema OWNER TO postgres;

--
-- TOC entry 222 (class 1259 OID 17870)
-- Dependencies: 223 6
-- Name: r_partition_schema_id_partition_schema_seq; Type: SEQUENCE; Schema: public; Owner: postgres
--

CREATE SEQUENCE r_partition_schema_id_partition_schema_seq
    START WITH 1
    INCREMENT BY 1
    NO MINVALUE
    NO MAXVALUE
    CACHE 1;


ALTER TABLE public.r_partition_schema_id_partition_schema_seq OWNER TO postgres;

--
-- TOC entry 2570 (class 0 OID 0)
-- Dependencies: 222
-- Name: r_partition_schema_id_partition_schema_seq; Type: SEQUENCE OWNED BY; Schema: public; Owner: postgres
--

ALTER SEQUENCE r_partition_schema_id_partition_schema_seq OWNED BY r_partition_schema.id_partition_schema;


--
-- TOC entry 2571 (class 0 OID 0)
-- Dependencies: 222
-- Name: r_partition_schema_id_partition_schema_seq; Type: SEQUENCE SET; Schema: public; Owner: postgres
--

SELECT pg_catalog.setval('r_partition_schema_id_partition_schema_seq', 1, false);


--
-- TOC entry 199 (class 1259 OID 17766)
-- Dependencies: 6
-- Name: r_repository_log; Type: TABLE; Schema: public; Owner: postgres; Tablespace: 
--

CREATE TABLE r_repository_log (
    id_repository_log bigint NOT NULL,
    rep_version character varying(255),
    log_date timestamp without time zone,
    log_user character varying(255),
    operation_desc character varying(2000000)
);


ALTER TABLE public.r_repository_log OWNER TO postgres;

--
-- TOC entry 198 (class 1259 OID 17764)
-- Dependencies: 6 199
-- Name: r_repository_log_id_repository_log_seq; Type: SEQUENCE; Schema: public; Owner: postgres
--

CREATE SEQUENCE r_repository_log_id_repository_log_seq
    START WITH 1
    INCREMENT BY 1
    NO MINVALUE
    NO MAXVALUE
    CACHE 1;


ALTER TABLE public.r_repository_log_id_repository_log_seq OWNER TO postgres;

--
-- TOC entry 2572 (class 0 OID 0)
-- Dependencies: 198
-- Name: r_repository_log_id_repository_log_seq; Type: SEQUENCE OWNED BY; Schema: public; Owner: postgres
--

ALTER SEQUENCE r_repository_log_id_repository_log_seq OWNED BY r_repository_log.id_repository_log;


--
-- TOC entry 2573 (class 0 OID 0)
-- Dependencies: 198
-- Name: r_repository_log_id_repository_log_seq; Type: SEQUENCE SET; Schema: public; Owner: postgres
--

SELECT pg_catalog.setval('r_repository_log_id_repository_log_seq', 1, false);


--
-- TOC entry 231 (class 1259 OID 17902)
-- Dependencies: 6
-- Name: r_slave; Type: TABLE; Schema: public; Owner: postgres; Tablespace: 
--

CREATE TABLE r_slave (
    id_slave bigint NOT NULL,
    name character varying(255),
    host_name character varying(255),
    port character varying(255),
    web_app_name character varying(255),
    username character varying(255),
    password character varying(255),
    proxy_host_name character varying(255),
    proxy_port character varying(255),
    non_proxy_hosts character varying(255),
    master boolean
);


ALTER TABLE public.r_slave OWNER TO postgres;

--
-- TOC entry 230 (class 1259 OID 17900)
-- Dependencies: 231 6
-- Name: r_slave_id_slave_seq; Type: SEQUENCE; Schema: public; Owner: postgres
--

CREATE SEQUENCE r_slave_id_slave_seq
    START WITH 1
    INCREMENT BY 1
    NO MINVALUE
    NO MAXVALUE
    CACHE 1;


ALTER TABLE public.r_slave_id_slave_seq OWNER TO postgres;

--
-- TOC entry 2574 (class 0 OID 0)
-- Dependencies: 230
-- Name: r_slave_id_slave_seq; Type: SEQUENCE OWNED BY; Schema: public; Owner: postgres
--

ALTER SEQUENCE r_slave_id_slave_seq OWNED BY r_slave.id_slave;


--
-- TOC entry 2575 (class 0 OID 0)
-- Dependencies: 230
-- Name: r_slave_id_slave_seq; Type: SEQUENCE SET; Schema: public; Owner: postgres
--

SELECT pg_catalog.setval('r_slave_id_slave_seq', 1, false);


--
-- TOC entry 248 (class 1259 OID 17965)
-- Dependencies: 6
-- Name: r_step; Type: TABLE; Schema: public; Owner: postgres; Tablespace: 
--

CREATE TABLE r_step (
    id_step bigint NOT NULL,
    id_transformation integer,
    name character varying(255),
    description character varying(2000000),
    id_step_type integer,
    distribute boolean,
    copies smallint,
    gui_location_x integer,
    gui_location_y integer,
    gui_draw boolean,
    copies_string character varying(255)
);


ALTER TABLE public.r_step OWNER TO postgres;

--
-- TOC entry 250 (class 1259 OID 17974)
-- Dependencies: 6
-- Name: r_step_attribute; Type: TABLE; Schema: public; Owner: postgres; Tablespace: 
--

CREATE TABLE r_step_attribute (
    id_step_attribute bigint NOT NULL,
    id_transformation integer,
    id_step integer,
    nr integer,
    code character varying(255),
    value_num bigint,
    value_str character varying(2000000)
);


ALTER TABLE public.r_step_attribute OWNER TO postgres;

--
-- TOC entry 249 (class 1259 OID 17972)
-- Dependencies: 6 250
-- Name: r_step_attribute_id_step_attribute_seq; Type: SEQUENCE; Schema: public; Owner: postgres
--

CREATE SEQUENCE r_step_attribute_id_step_attribute_seq
    START WITH 1
    INCREMENT BY 1
    NO MINVALUE
    NO MAXVALUE
    CACHE 1;


ALTER TABLE public.r_step_attribute_id_step_attribute_seq OWNER TO postgres;

--
-- TOC entry 2576 (class 0 OID 0)
-- Dependencies: 249
-- Name: r_step_attribute_id_step_attribute_seq; Type: SEQUENCE OWNED BY; Schema: public; Owner: postgres
--

ALTER SEQUENCE r_step_attribute_id_step_attribute_seq OWNED BY r_step_attribute.id_step_attribute;


--
-- TOC entry 2577 (class 0 OID 0)
-- Dependencies: 249
-- Name: r_step_attribute_id_step_attribute_seq; Type: SEQUENCE SET; Schema: public; Owner: postgres
--

SELECT pg_catalog.setval('r_step_attribute_id_step_attribute_seq', 1, false);


--
-- TOC entry 251 (class 1259 OID 17982)
-- Dependencies: 6
-- Name: r_step_database; Type: TABLE; Schema: public; Owner: postgres; Tablespace: 
--

CREATE TABLE r_step_database (
    id_transformation integer,
    id_step integer,
    id_database integer
);


ALTER TABLE public.r_step_database OWNER TO postgres;

--
-- TOC entry 247 (class 1259 OID 17963)
-- Dependencies: 6 248
-- Name: r_step_id_step_seq; Type: SEQUENCE; Schema: public; Owner: postgres
--

CREATE SEQUENCE r_step_id_step_seq
    START WITH 1
    INCREMENT BY 1
    NO MINVALUE
    NO MAXVALUE
    CACHE 1;


ALTER TABLE public.r_step_id_step_seq OWNER TO postgres;

--
-- TOC entry 2578 (class 0 OID 0)
-- Dependencies: 247
-- Name: r_step_id_step_seq; Type: SEQUENCE OWNED BY; Schema: public; Owner: postgres
--

ALTER SEQUENCE r_step_id_step_seq OWNED BY r_step.id_step;


--
-- TOC entry 2579 (class 0 OID 0)
-- Dependencies: 247
-- Name: r_step_id_step_seq; Type: SEQUENCE SET; Schema: public; Owner: postgres
--

SELECT pg_catalog.setval('r_step_id_step_seq', 1, false);


--
-- TOC entry 246 (class 1259 OID 17956)
-- Dependencies: 6
-- Name: r_step_type; Type: TABLE; Schema: public; Owner: postgres; Tablespace: 
--

CREATE TABLE r_step_type (
    id_step_type bigint NOT NULL,
    code character varying(255),
    description character varying(255),
    helptext character varying(255)
);


ALTER TABLE public.r_step_type OWNER TO postgres;

--
-- TOC entry 245 (class 1259 OID 17954)
-- Dependencies: 246 6
-- Name: r_step_type_id_step_type_seq; Type: SEQUENCE; Schema: public; Owner: postgres
--

CREATE SEQUENCE r_step_type_id_step_type_seq
    START WITH 1
    INCREMENT BY 1
    NO MINVALUE
    NO MAXVALUE
    CACHE 1;


ALTER TABLE public.r_step_type_id_step_type_seq OWNER TO postgres;

--
-- TOC entry 2580 (class 0 OID 0)
-- Dependencies: 245
-- Name: r_step_type_id_step_type_seq; Type: SEQUENCE OWNED BY; Schema: public; Owner: postgres
--

ALTER SEQUENCE r_step_type_id_step_type_seq OWNED BY r_step_type.id_step_type;


--
-- TOC entry 2581 (class 0 OID 0)
-- Dependencies: 245
-- Name: r_step_type_id_step_type_seq; Type: SEQUENCE SET; Schema: public; Owner: postgres
--

SELECT pg_catalog.setval('r_step_type_id_step_type_seq', 1, false);


--
-- TOC entry 217 (class 1259 OID 17843)
-- Dependencies: 6
-- Name: r_trans_attribute; Type: TABLE; Schema: public; Owner: postgres; Tablespace: 
--

CREATE TABLE r_trans_attribute (
    id_trans_attribute bigint NOT NULL,
    id_transformation integer,
    nr integer,
    code character varying(255),
    value_num bigint,
    value_str character varying(2000000)
);


ALTER TABLE public.r_trans_attribute OWNER TO postgres;

--
-- TOC entry 216 (class 1259 OID 17841)
-- Dependencies: 217 6
-- Name: r_trans_attribute_id_trans_attribute_seq; Type: SEQUENCE; Schema: public; Owner: postgres
--

CREATE SEQUENCE r_trans_attribute_id_trans_attribute_seq
    START WITH 1
    INCREMENT BY 1
    NO MINVALUE
    NO MAXVALUE
    CACHE 1;


ALTER TABLE public.r_trans_attribute_id_trans_attribute_seq OWNER TO postgres;

--
-- TOC entry 2582 (class 0 OID 0)
-- Dependencies: 216
-- Name: r_trans_attribute_id_trans_attribute_seq; Type: SEQUENCE OWNED BY; Schema: public; Owner: postgres
--

ALTER SEQUENCE r_trans_attribute_id_trans_attribute_seq OWNED BY r_trans_attribute.id_trans_attribute;


--
-- TOC entry 2583 (class 0 OID 0)
-- Dependencies: 216
-- Name: r_trans_attribute_id_trans_attribute_seq; Type: SEQUENCE SET; Schema: public; Owner: postgres
--

SELECT pg_catalog.setval('r_trans_attribute_id_trans_attribute_seq', 1, false);


--
-- TOC entry 237 (class 1259 OID 17923)
-- Dependencies: 6
-- Name: r_trans_cluster; Type: TABLE; Schema: public; Owner: postgres; Tablespace: 
--

CREATE TABLE r_trans_cluster (
    id_trans_cluster bigint NOT NULL,
    id_transformation integer,
    id_cluster integer
);


ALTER TABLE public.r_trans_cluster OWNER TO postgres;

--
-- TOC entry 236 (class 1259 OID 17921)
-- Dependencies: 6 237
-- Name: r_trans_cluster_id_trans_cluster_seq; Type: SEQUENCE; Schema: public; Owner: postgres
--

CREATE SEQUENCE r_trans_cluster_id_trans_cluster_seq
    START WITH 1
    INCREMENT BY 1
    NO MINVALUE
    NO MAXVALUE
    CACHE 1;


ALTER TABLE public.r_trans_cluster_id_trans_cluster_seq OWNER TO postgres;

--
-- TOC entry 2584 (class 0 OID 0)
-- Dependencies: 236
-- Name: r_trans_cluster_id_trans_cluster_seq; Type: SEQUENCE OWNED BY; Schema: public; Owner: postgres
--

ALTER SEQUENCE r_trans_cluster_id_trans_cluster_seq OWNED BY r_trans_cluster.id_trans_cluster;


--
-- TOC entry 2585 (class 0 OID 0)
-- Dependencies: 236
-- Name: r_trans_cluster_id_trans_cluster_seq; Type: SEQUENCE SET; Schema: public; Owner: postgres
--

SELECT pg_catalog.setval('r_trans_cluster_id_trans_cluster_seq', 1, false);


--
-- TOC entry 239 (class 1259 OID 17929)
-- Dependencies: 6
-- Name: r_trans_hop; Type: TABLE; Schema: public; Owner: postgres; Tablespace: 
--

CREATE TABLE r_trans_hop (
    id_trans_hop bigint NOT NULL,
    id_transformation integer,
    id_step_from integer,
    id_step_to integer,
    enabled boolean
);


ALTER TABLE public.r_trans_hop OWNER TO postgres;

--
-- TOC entry 238 (class 1259 OID 17927)
-- Dependencies: 6 239
-- Name: r_trans_hop_id_trans_hop_seq; Type: SEQUENCE; Schema: public; Owner: postgres
--

CREATE SEQUENCE r_trans_hop_id_trans_hop_seq
    START WITH 1
    INCREMENT BY 1
    NO MINVALUE
    NO MAXVALUE
    CACHE 1;


ALTER TABLE public.r_trans_hop_id_trans_hop_seq OWNER TO postgres;

--
-- TOC entry 2586 (class 0 OID 0)
-- Dependencies: 238
-- Name: r_trans_hop_id_trans_hop_seq; Type: SEQUENCE OWNED BY; Schema: public; Owner: postgres
--

ALTER SEQUENCE r_trans_hop_id_trans_hop_seq OWNED BY r_trans_hop.id_trans_hop;


--
-- TOC entry 2587 (class 0 OID 0)
-- Dependencies: 238
-- Name: r_trans_hop_id_trans_hop_seq; Type: SEQUENCE SET; Schema: public; Owner: postgres
--

SELECT pg_catalog.setval('r_trans_hop_id_trans_hop_seq', 1, false);


--
-- TOC entry 272 (class 1259 OID 18067)
-- Dependencies: 6
-- Name: r_trans_lock; Type: TABLE; Schema: public; Owner: postgres; Tablespace: 
--

CREATE TABLE r_trans_lock (
    id_trans_lock bigint NOT NULL,
    id_transformation integer,
    id_user integer,
    lock_message character varying(2000000),
    lock_date timestamp without time zone
);


ALTER TABLE public.r_trans_lock OWNER TO postgres;

--
-- TOC entry 271 (class 1259 OID 18065)
-- Dependencies: 272 6
-- Name: r_trans_lock_id_trans_lock_seq; Type: SEQUENCE; Schema: public; Owner: postgres
--

CREATE SEQUENCE r_trans_lock_id_trans_lock_seq
    START WITH 1
    INCREMENT BY 1
    NO MINVALUE
    NO MAXVALUE
    CACHE 1;


ALTER TABLE public.r_trans_lock_id_trans_lock_seq OWNER TO postgres;

--
-- TOC entry 2588 (class 0 OID 0)
-- Dependencies: 271
-- Name: r_trans_lock_id_trans_lock_seq; Type: SEQUENCE OWNED BY; Schema: public; Owner: postgres
--

ALTER SEQUENCE r_trans_lock_id_trans_lock_seq OWNED BY r_trans_lock.id_trans_lock;


--
-- TOC entry 2589 (class 0 OID 0)
-- Dependencies: 271
-- Name: r_trans_lock_id_trans_lock_seq; Type: SEQUENCE SET; Schema: public; Owner: postgres
--

SELECT pg_catalog.setval('r_trans_lock_id_trans_lock_seq', 1, false);


--
-- TOC entry 252 (class 1259 OID 17987)
-- Dependencies: 6
-- Name: r_trans_note; Type: TABLE; Schema: public; Owner: postgres; Tablespace: 
--

CREATE TABLE r_trans_note (
    id_transformation integer,
    id_note integer
);


ALTER TABLE public.r_trans_note OWNER TO postgres;

--
-- TOC entry 227 (class 1259 OID 17887)
-- Dependencies: 6
-- Name: r_trans_partition_schema; Type: TABLE; Schema: public; Owner: postgres; Tablespace: 
--

CREATE TABLE r_trans_partition_schema (
    id_trans_partition_schema bigint NOT NULL,
    id_transformation integer,
    id_partition_schema integer
);


ALTER TABLE public.r_trans_partition_schema OWNER TO postgres;

--
-- TOC entry 226 (class 1259 OID 17885)
-- Dependencies: 6 227
-- Name: r_trans_partition_schema_id_trans_partition_schema_seq; Type: SEQUENCE; Schema: public; Owner: postgres
--

CREATE SEQUENCE r_trans_partition_schema_id_trans_partition_schema_seq
    START WITH 1
    INCREMENT BY 1
    NO MINVALUE
    NO MAXVALUE
    CACHE 1;


ALTER TABLE public.r_trans_partition_schema_id_trans_partition_schema_seq OWNER TO postgres;

--
-- TOC entry 2590 (class 0 OID 0)
-- Dependencies: 226
-- Name: r_trans_partition_schema_id_trans_partition_schema_seq; Type: SEQUENCE OWNED BY; Schema: public; Owner: postgres
--

ALTER SEQUENCE r_trans_partition_schema_id_trans_partition_schema_seq OWNED BY r_trans_partition_schema.id_trans_partition_schema;


--
-- TOC entry 2591 (class 0 OID 0)
-- Dependencies: 226
-- Name: r_trans_partition_schema_id_trans_partition_schema_seq; Type: SEQUENCE SET; Schema: public; Owner: postgres
--

SELECT pg_catalog.setval('r_trans_partition_schema_id_trans_partition_schema_seq', 1, false);


--
-- TOC entry 235 (class 1259 OID 17917)
-- Dependencies: 6
-- Name: r_trans_slave; Type: TABLE; Schema: public; Owner: postgres; Tablespace: 
--

CREATE TABLE r_trans_slave (
    id_trans_slave bigint NOT NULL,
    id_transformation integer,
    id_slave integer
);


ALTER TABLE public.r_trans_slave OWNER TO postgres;

--
-- TOC entry 234 (class 1259 OID 17915)
-- Dependencies: 6 235
-- Name: r_trans_slave_id_trans_slave_seq; Type: SEQUENCE; Schema: public; Owner: postgres
--

CREATE SEQUENCE r_trans_slave_id_trans_slave_seq
    START WITH 1
    INCREMENT BY 1
    NO MINVALUE
    NO MAXVALUE
    CACHE 1;


ALTER TABLE public.r_trans_slave_id_trans_slave_seq OWNER TO postgres;

--
-- TOC entry 2592 (class 0 OID 0)
-- Dependencies: 234
-- Name: r_trans_slave_id_trans_slave_seq; Type: SEQUENCE OWNED BY; Schema: public; Owner: postgres
--

ALTER SEQUENCE r_trans_slave_id_trans_slave_seq OWNED BY r_trans_slave.id_trans_slave;


--
-- TOC entry 2593 (class 0 OID 0)
-- Dependencies: 234
-- Name: r_trans_slave_id_trans_slave_seq; Type: SEQUENCE SET; Schema: public; Owner: postgres
--

SELECT pg_catalog.setval('r_trans_slave_id_trans_slave_seq', 1, false);


--
-- TOC entry 240 (class 1259 OID 17933)
-- Dependencies: 6
-- Name: r_trans_step_condition; Type: TABLE; Schema: public; Owner: postgres; Tablespace: 
--

CREATE TABLE r_trans_step_condition (
    id_transformation integer,
    id_step integer,
    id_condition integer
);


ALTER TABLE public.r_trans_step_condition OWNER TO postgres;

--
-- TOC entry 215 (class 1259 OID 17834)
-- Dependencies: 6
-- Name: r_transformation; Type: TABLE; Schema: public; Owner: postgres; Tablespace: 
--

CREATE TABLE r_transformation (
    id_transformation bigint NOT NULL,
    id_directory integer,
    name character varying(255),
    description character varying(2000000),
    extended_description character varying(2000000),
    trans_version character varying(255),
    trans_status integer,
    id_step_read integer,
    id_step_write integer,
    id_step_input integer,
    id_step_output integer,
    id_step_update integer,
    id_database_log integer,
    table_name_log character varying(255),
    use_batchid boolean,
    use_logfield boolean,
    id_database_maxdate integer,
    table_name_maxdate character varying(255),
    field_name_maxdate character varying(255),
    offset_maxdate numeric(14,2),
    diff_maxdate numeric(14,2),
    created_user character varying(255),
    created_date timestamp without time zone,
    modified_user character varying(255),
    modified_date timestamp without time zone,
    size_rowset integer
);


ALTER TABLE public.r_transformation OWNER TO postgres;

--
-- TOC entry 214 (class 1259 OID 17832)
-- Dependencies: 215 6
-- Name: r_transformation_id_transformation_seq; Type: SEQUENCE; Schema: public; Owner: postgres
--

CREATE SEQUENCE r_transformation_id_transformation_seq
    START WITH 1
    INCREMENT BY 1
    NO MINVALUE
    NO MAXVALUE
    CACHE 1;


ALTER TABLE public.r_transformation_id_transformation_seq OWNER TO postgres;

--
-- TOC entry 2594 (class 0 OID 0)
-- Dependencies: 214
-- Name: r_transformation_id_transformation_seq; Type: SEQUENCE OWNED BY; Schema: public; Owner: postgres
--

ALTER SEQUENCE r_transformation_id_transformation_seq OWNED BY r_transformation.id_transformation;


--
-- TOC entry 2595 (class 0 OID 0)
-- Dependencies: 214
-- Name: r_transformation_id_transformation_seq; Type: SEQUENCE SET; Schema: public; Owner: postgres
--

SELECT pg_catalog.setval('r_transformation_id_transformation_seq', 1, false);


--
-- TOC entry 284 (class 1259 OID 18121)
-- Dependencies: 6
-- Name: r_user; Type: TABLE; Schema: public; Owner: postgres; Tablespace: 
--

CREATE TABLE r_user (
    id_user bigint NOT NULL,
    login character varying(255),
    password character varying(255),
    name character varying(255),
    description character varying(255),
    enabled boolean
);


ALTER TABLE public.r_user OWNER TO postgres;

--
-- TOC entry 283 (class 1259 OID 18119)
-- Dependencies: 284 6
-- Name: r_user_id_user_seq; Type: SEQUENCE; Schema: public; Owner: postgres
--

CREATE SEQUENCE r_user_id_user_seq
    START WITH 1
    INCREMENT BY 1
    NO MINVALUE
    NO MAXVALUE
    CACHE 1;


ALTER TABLE public.r_user_id_user_seq OWNER TO postgres;

--
-- TOC entry 2596 (class 0 OID 0)
-- Dependencies: 283
-- Name: r_user_id_user_seq; Type: SEQUENCE OWNED BY; Schema: public; Owner: postgres
--

ALTER SEQUENCE r_user_id_user_seq OWNED BY r_user.id_user;


--
-- TOC entry 2597 (class 0 OID 0)
-- Dependencies: 283
-- Name: r_user_id_user_seq; Type: SEQUENCE SET; Schema: public; Owner: postgres
--

SELECT pg_catalog.setval('r_user_id_user_seq', 1, false);


--
-- TOC entry 244 (class 1259 OID 17947)
-- Dependencies: 6
-- Name: r_value; Type: TABLE; Schema: public; Owner: postgres; Tablespace: 
--

CREATE TABLE r_value (
    id_value bigint NOT NULL,
    name character varying(255),
    value_type character varying(255),
    value_str character varying(255),
    is_null boolean
);


ALTER TABLE public.r_value OWNER TO postgres;

--
-- TOC entry 243 (class 1259 OID 17945)
-- Dependencies: 6 244
-- Name: r_value_id_value_seq; Type: SEQUENCE; Schema: public; Owner: postgres
--

CREATE SEQUENCE r_value_id_value_seq
    START WITH 1
    INCREMENT BY 1
    NO MINVALUE
    NO MAXVALUE
    CACHE 1;


ALTER TABLE public.r_value_id_value_seq OWNER TO postgres;

--
-- TOC entry 2598 (class 0 OID 0)
-- Dependencies: 243
-- Name: r_value_id_value_seq; Type: SEQUENCE OWNED BY; Schema: public; Owner: postgres
--

ALTER SEQUENCE r_value_id_value_seq OWNED BY r_value.id_value;


--
-- TOC entry 2599 (class 0 OID 0)
-- Dependencies: 243
-- Name: r_value_id_value_seq; Type: SEQUENCE SET; Schema: public; Owner: postgres
--

SELECT pg_catalog.setval('r_value_id_value_seq', 1, false);


--
-- TOC entry 201 (class 1259 OID 17775)
-- Dependencies: 6
-- Name: r_version; Type: TABLE; Schema: public; Owner: postgres; Tablespace: 
--

CREATE TABLE r_version (
    id_version bigint NOT NULL,
    major_version smallint,
    minor_version smallint,
    upgrade_date timestamp without time zone,
    is_upgrade boolean
);


ALTER TABLE public.r_version OWNER TO postgres;

--
-- TOC entry 200 (class 1259 OID 17773)
-- Dependencies: 201 6
-- Name: r_version_id_version_seq; Type: SEQUENCE; Schema: public; Owner: postgres
--

CREATE SEQUENCE r_version_id_version_seq
    START WITH 1
    INCREMENT BY 1
    NO MINVALUE
    NO MAXVALUE
    CACHE 1;


ALTER TABLE public.r_version_id_version_seq OWNER TO postgres;

--
-- TOC entry 2600 (class 0 OID 0)
-- Dependencies: 200
-- Name: r_version_id_version_seq; Type: SEQUENCE OWNED BY; Schema: public; Owner: postgres
--

ALTER SEQUENCE r_version_id_version_seq OWNED BY r_version.id_version;


--
-- TOC entry 2601 (class 0 OID 0)
-- Dependencies: 200
-- Name: r_version_id_version_seq; Type: SEQUENCE SET; Schema: public; Owner: postgres
--

SELECT pg_catalog.setval('r_version_id_version_seq', 1, false);


--
-- TOC entry 188 (class 1259 OID 16838)
-- Dependencies: 2302 2303 2304 6
-- Name: tarea; Type: TABLE; Schema: public; Owner: postgres; Tablespace: 
--

CREATE TABLE tarea (
    id_tarea integer NOT NULL,
    fecha_asignacion date DEFAULT now() NOT NULL,
    hora_asignacion time without time zone DEFAULT now() NOT NULL,
    id_personal integer NOT NULL,
    usuario_asigno integer NOT NULL,
    usuario_atendio integer,
    codigo_referencia text,
    observacion text,
    tiempo_estimado smallint,
    id_averia integer NOT NULL,
    fecha_termino date,
    hora_termino time without time zone,
    estado boolean DEFAULT true NOT NULL,
    falla text,
    tipo_solucion character varying(100),
    categoria_solucion character varying(100),
    tipo_efectividad character varying(5),
    motivo_irreparable text,
    id_patrimonio integer
);


ALTER TABLE public.tarea OWNER TO postgres;

--
-- TOC entry 2602 (class 0 OID 0)
-- Dependencies: 188
-- Name: COLUMN tarea.tipo_solucion; Type: COMMENT; Schema: public; Owner: postgres
--

COMMENT ON COLUMN tarea.tipo_solucion IS 'SI SE SOLUCIONO,
NO SE SOLUCIONO';


--
-- TOC entry 2603 (class 0 OID 0)
-- Dependencies: 188
-- Name: COLUMN tarea.categoria_solucion; Type: COMMENT; Schema: public; Owner: postgres
--

COMMENT ON COLUMN tarea.categoria_solucion IS 'FALLA POR USUARIO,
FALLA DEL EQUIPO,

FALLA DE FABRICA,
OBSOLECENCIA,
IRREPARABLE -->XQ';


--
-- TOC entry 2604 (class 0 OID 0)
-- Dependencies: 188
-- Name: COLUMN tarea.tipo_efectividad; Type: COMMENT; Schema: public; Owner: postgres
--

COMMENT ON COLUMN tarea.tipo_efectividad IS 'E  --> EXELENTE
B --> BUENO
M --> MALO';


--
-- TOC entry 189 (class 1259 OID 16847)
-- Dependencies: 6 188
-- Name: tarea_id_tarea_seq; Type: SEQUENCE; Schema: public; Owner: postgres
--

CREATE SEQUENCE tarea_id_tarea_seq
    START WITH 1
    INCREMENT BY 1
    NO MINVALUE
    NO MAXVALUE
    CACHE 1;


ALTER TABLE public.tarea_id_tarea_seq OWNER TO postgres;

--
-- TOC entry 2605 (class 0 OID 0)
-- Dependencies: 189
-- Name: tarea_id_tarea_seq; Type: SEQUENCE OWNED BY; Schema: public; Owner: postgres
--

ALTER SEQUENCE tarea_id_tarea_seq OWNED BY tarea.id_tarea;


--
-- TOC entry 2606 (class 0 OID 0)
-- Dependencies: 189
-- Name: tarea_id_tarea_seq; Type: SEQUENCE SET; Schema: public; Owner: postgres
--

SELECT pg_catalog.setval('tarea_id_tarea_seq', 35, true);


--
-- TOC entry 190 (class 1259 OID 16849)
-- Dependencies: 2306 6
-- Name: tipo_averia; Type: TABLE; Schema: public; Owner: postgres; Tablespace: 
--

CREATE TABLE tipo_averia (
    id_tipoaveria integer NOT NULL,
    descripcion character varying(150) NOT NULL,
    estado boolean DEFAULT true NOT NULL
);


ALTER TABLE public.tipo_averia OWNER TO postgres;

--
-- TOC entry 191 (class 1259 OID 16853)
-- Dependencies: 6 190
-- Name: tipo_averia_id_tipoaveria_seq; Type: SEQUENCE; Schema: public; Owner: postgres
--

CREATE SEQUENCE tipo_averia_id_tipoaveria_seq
    START WITH 1
    INCREMENT BY 1
    NO MINVALUE
    NO MAXVALUE
    CACHE 1;


ALTER TABLE public.tipo_averia_id_tipoaveria_seq OWNER TO postgres;

--
-- TOC entry 2607 (class 0 OID 0)
-- Dependencies: 191
-- Name: tipo_averia_id_tipoaveria_seq; Type: SEQUENCE OWNED BY; Schema: public; Owner: postgres
--

ALTER SEQUENCE tipo_averia_id_tipoaveria_seq OWNED BY tipo_averia.id_tipoaveria;


--
-- TOC entry 2608 (class 0 OID 0)
-- Dependencies: 191
-- Name: tipo_averia_id_tipoaveria_seq; Type: SEQUENCE SET; Schema: public; Owner: postgres
--

SELECT pg_catalog.setval('tipo_averia_id_tipoaveria_seq', 6, true);


--
-- TOC entry 192 (class 1259 OID 16855)
-- Dependencies: 2308 6
-- Name: ubicacion; Type: TABLE; Schema: public; Owner: postgres; Tablespace: 
--

CREATE TABLE ubicacion (
    ubic_id integer NOT NULL,
    ubic_descripcion character varying(300) NOT NULL,
    ubic_estado boolean DEFAULT true NOT NULL,
    ambi_id integer NOT NULL
);


ALTER TABLE public.ubicacion OWNER TO postgres;

--
-- TOC entry 193 (class 1259 OID 16859)
-- Dependencies: 6 192
-- Name: ubicacion_ubic_id_seq; Type: SEQUENCE; Schema: public; Owner: postgres
--

CREATE SEQUENCE ubicacion_ubic_id_seq
    START WITH 1
    INCREMENT BY 1
    NO MINVALUE
    NO MAXVALUE
    CACHE 1;


ALTER TABLE public.ubicacion_ubic_id_seq OWNER TO postgres;

--
-- TOC entry 2609 (class 0 OID 0)
-- Dependencies: 193
-- Name: ubicacion_ubic_id_seq; Type: SEQUENCE OWNED BY; Schema: public; Owner: postgres
--

ALTER SEQUENCE ubicacion_ubic_id_seq OWNED BY ubicacion.ubic_id;


--
-- TOC entry 2610 (class 0 OID 0)
-- Dependencies: 193
-- Name: ubicacion_ubic_id_seq; Type: SEQUENCE SET; Schema: public; Owner: postgres
--

SELECT pg_catalog.setval('ubicacion_ubic_id_seq', 2, true);


--
-- TOC entry 194 (class 1259 OID 16861)
-- Dependencies: 2310 6
-- Name: usuario; Type: TABLE; Schema: public; Owner: postgres; Tablespace: 
--

CREATE TABLE usuario (
    usua_id integer NOT NULL,
    usua_login character varying(50) NOT NULL,
    usua_clave character varying(300) NOT NULL,
    usua_documeto_identidad character varying(8) NOT NULL,
    usua_apellido_paterno character varying(150) NOT NULL,
    usua_apellido_materno character varying(150) NOT NULL,
    usua_nombres character varying(150) NOT NULL,
    usua_direccion character varying(150) NOT NULL,
    usua_telefono character varying(50) NOT NULL,
    usua_estado boolean DEFAULT true NOT NULL,
    perf_id integer NOT NULL,
    id_personal integer
);


ALTER TABLE public.usuario OWNER TO postgres;

--
-- TOC entry 195 (class 1259 OID 16868)
-- Dependencies: 6 194
-- Name: usuario_usua_id_seq; Type: SEQUENCE; Schema: public; Owner: postgres
--

CREATE SEQUENCE usuario_usua_id_seq
    START WITH 1
    INCREMENT BY 1
    NO MINVALUE
    NO MAXVALUE
    CACHE 1;


ALTER TABLE public.usuario_usua_id_seq OWNER TO postgres;

--
-- TOC entry 2611 (class 0 OID 0)
-- Dependencies: 195
-- Name: usuario_usua_id_seq; Type: SEQUENCE OWNED BY; Schema: public; Owner: postgres
--

ALTER SEQUENCE usuario_usua_id_seq OWNED BY usuario.usua_id;


--
-- TOC entry 2612 (class 0 OID 0)
-- Dependencies: 195
-- Name: usuario_usua_id_seq; Type: SEQUENCE SET; Schema: public; Owner: postgres
--

SELECT pg_catalog.setval('usuario_usua_id_seq', 17, true);


--
-- TOC entry 2282 (class 2604 OID 16870)
-- Dependencies: 172 171
-- Name: ambi_id; Type: DEFAULT; Schema: public; Owner: postgres
--

ALTER TABLE ambiente ALTER COLUMN ambi_id SET DEFAULT nextval('ambiente_ambi_id_seq'::regclass);


--
-- TOC entry 2284 (class 2604 OID 16871)
-- Dependencies: 174 173
-- Name: id_area; Type: DEFAULT; Schema: public; Owner: postgres
--

ALTER TABLE area_administrativa ALTER COLUMN id_area SET DEFAULT nextval('area_administrativa_id_area_seq'::regclass);


--
-- TOC entry 2291 (class 2604 OID 16872)
-- Dependencies: 176 175
-- Name: id_averia; Type: DEFAULT; Schema: public; Owner: postgres
--

ALTER TABLE averia ALTER COLUMN id_averia SET DEFAULT nextval('averia_id_averia_seq'::regclass);


--
-- TOC entry 2293 (class 2604 OID 16873)
-- Dependencies: 178 177
-- Name: id_coordenada; Type: DEFAULT; Schema: public; Owner: postgres
--

ALTER TABLE coordenada ALTER COLUMN id_coordenada SET DEFAULT nextval('coordenada_id_coordenada_seq'::regclass);


--
-- TOC entry 2295 (class 2604 OID 16874)
-- Dependencies: 180 179
-- Name: facu_id; Type: DEFAULT; Schema: public; Owner: postgres
--

ALTER TABLE facultad ALTER COLUMN facu_id SET DEFAULT nextval('facultad_facu_id_seq'::regclass);


--
-- TOC entry 2297 (class 2604 OID 16875)
-- Dependencies: 182 181
-- Name: id_incidencia; Type: DEFAULT; Schema: public; Owner: postgres
--

ALTER TABLE incidencia ALTER COLUMN id_incidencia SET DEFAULT nextval('incidencia_id_incidencia_seq'::regclass);


--
-- TOC entry 2298 (class 2604 OID 16876)
-- Dependencies: 184 183
-- Name: modu_id; Type: DEFAULT; Schema: public; Owner: postgres
--

ALTER TABLE modulo ALTER COLUMN modu_id SET DEFAULT nextval('modulo_modu_id_seq'::regclass);


--
-- TOC entry 2312 (class 2604 OID 17085)
-- Dependencies: 197 196 197
-- Name: id_patrimonio; Type: DEFAULT; Schema: public; Owner: postgres
--

ALTER TABLE patrimonio ALTER COLUMN id_patrimonio SET DEFAULT nextval('patrimonio_id_patrimonio_seq'::regclass);


--
-- TOC entry 2300 (class 2604 OID 16877)
-- Dependencies: 186 185
-- Name: perf_id; Type: DEFAULT; Schema: public; Owner: postgres
--

ALTER TABLE perfil ALTER COLUMN perf_id SET DEFAULT nextval('perfil_perf_id_seq'::regclass);


--
-- TOC entry 2279 (class 2604 OID 16878)
-- Dependencies: 168 167
-- Name: id_personal; Type: DEFAULT; Schema: public; Owner: postgres
--

ALTER TABLE personal ALTER COLUMN id_personal SET DEFAULT nextval('personal_id_personal_seq'::regclass);


--
-- TOC entry 2328 (class 2604 OID 17896)
-- Dependencies: 229 228 229
-- Name: id_cluster; Type: DEFAULT; Schema: public; Owner: postgres
--

ALTER TABLE r_cluster ALTER COLUMN id_cluster SET DEFAULT nextval('r_cluster_id_cluster_seq'::regclass);


--
-- TOC entry 2330 (class 2604 OID 17914)
-- Dependencies: 232 233 233
-- Name: id_cluster_slave; Type: DEFAULT; Schema: public; Owner: postgres
--

ALTER TABLE r_cluster_slave ALTER COLUMN id_cluster_slave SET DEFAULT nextval('r_cluster_slave_id_cluster_slave_seq'::regclass);


--
-- TOC entry 2334 (class 2604 OID 17941)
-- Dependencies: 242 241 242
-- Name: id_condition; Type: DEFAULT; Schema: public; Owner: postgres
--

ALTER TABLE r_condition ALTER COLUMN id_condition SET DEFAULT nextval('r_condition_id_condition_seq'::regclass);


--
-- TOC entry 2318 (class 2604 OID 17811)
-- Dependencies: 208 209 209
-- Name: id_database; Type: DEFAULT; Schema: public; Owner: postgres
--

ALTER TABLE r_database ALTER COLUMN id_database SET DEFAULT nextval('r_database_id_database_seq'::regclass);


--
-- TOC entry 2319 (class 2604 OID 17820)
-- Dependencies: 210 211 211
-- Name: id_database_attribute; Type: DEFAULT; Schema: public; Owner: postgres
--

ALTER TABLE r_database_attribute ALTER COLUMN id_database_attribute SET DEFAULT nextval('r_database_attribute_id_database_attribute_seq'::regclass);


--
-- TOC entry 2316 (class 2604 OID 17793)
-- Dependencies: 204 205 205
-- Name: id_database_contype; Type: DEFAULT; Schema: public; Owner: postgres
--

ALTER TABLE r_database_contype ALTER COLUMN id_database_contype SET DEFAULT nextval('r_database_contype_id_database_contype_seq'::regclass);


--
-- TOC entry 2315 (class 2604 OID 17784)
-- Dependencies: 203 202 203
-- Name: id_database_type; Type: DEFAULT; Schema: public; Owner: postgres
--

ALTER TABLE r_database_type ALTER COLUMN id_database_type SET DEFAULT nextval('r_database_type_id_database_type_seq'::regclass);


--
-- TOC entry 2324 (class 2604 OID 17866)
-- Dependencies: 221 220 221
-- Name: id_dependency; Type: DEFAULT; Schema: public; Owner: postgres
--

ALTER TABLE r_dependency ALTER COLUMN id_dependency SET DEFAULT nextval('r_dependency_id_dependency_seq'::regclass);


--
-- TOC entry 2320 (class 2604 OID 17830)
-- Dependencies: 213 212 213
-- Name: id_directory; Type: DEFAULT; Schema: public; Owner: postgres
--

ALTER TABLE r_directory ALTER COLUMN id_directory SET DEFAULT nextval('r_directory_id_directory_seq'::regclass);


--
-- TOC entry 2351 (class 2604 OID 18106)
-- Dependencies: 279 280 280
-- Name: id_element; Type: DEFAULT; Schema: public; Owner: postgres
--

ALTER TABLE r_element ALTER COLUMN id_element SET DEFAULT nextval('r_element_id_element_seq'::regclass);


--
-- TOC entry 2352 (class 2604 OID 18115)
-- Dependencies: 282 281 282
-- Name: id_element_attribute; Type: DEFAULT; Schema: public; Owner: postgres
--

ALTER TABLE r_element_attribute ALTER COLUMN id_element_attribute SET DEFAULT nextval('r_element_attribute_id_element_attribute_seq'::regclass);


--
-- TOC entry 2350 (class 2604 OID 18097)
-- Dependencies: 277 278 278
-- Name: id_element_type; Type: DEFAULT; Schema: public; Owner: postgres
--

ALTER TABLE r_element_type ALTER COLUMN id_element_type SET DEFAULT nextval('r_element_type_id_element_type_seq'::regclass);


--
-- TOC entry 2341 (class 2604 OID 18013)
-- Dependencies: 258 257 258
-- Name: id_job; Type: DEFAULT; Schema: public; Owner: postgres
--

ALTER TABLE r_job ALTER COLUMN id_job SET DEFAULT nextval('r_job_id_job_seq'::regclass);


--
-- TOC entry 2323 (class 2604 OID 17856)
-- Dependencies: 219 218 219
-- Name: id_job_attribute; Type: DEFAULT; Schema: public; Owner: postgres
--

ALTER TABLE r_job_attribute ALTER COLUMN id_job_attribute SET DEFAULT nextval('r_job_attribute_id_job_attribute_seq'::regclass);


--
-- TOC entry 2346 (class 2604 OID 18061)
-- Dependencies: 269 268 269
-- Name: id_job_hop; Type: DEFAULT; Schema: public; Owner: postgres
--

ALTER TABLE r_job_hop ALTER COLUMN id_job_hop SET DEFAULT nextval('r_job_hop_id_job_hop_seq'::regclass);


--
-- TOC entry 2348 (class 2604 OID 18079)
-- Dependencies: 274 273 274
-- Name: id_job_lock; Type: DEFAULT; Schema: public; Owner: postgres
--

ALTER TABLE r_job_lock ALTER COLUMN id_job_lock SET DEFAULT nextval('r_job_lock_id_job_lock_seq'::regclass);


--
-- TOC entry 2343 (class 2604 OID 18036)
-- Dependencies: 263 262 263
-- Name: id_jobentry; Type: DEFAULT; Schema: public; Owner: postgres
--

ALTER TABLE r_jobentry ALTER COLUMN id_jobentry SET DEFAULT nextval('r_jobentry_id_jobentry_seq'::regclass);


--
-- TOC entry 2345 (class 2604 OID 18051)
-- Dependencies: 267 266 267
-- Name: id_jobentry_attribute; Type: DEFAULT; Schema: public; Owner: postgres
--

ALTER TABLE r_jobentry_attribute ALTER COLUMN id_jobentry_attribute SET DEFAULT nextval('r_jobentry_attribute_id_jobentry_attribute_seq'::regclass);


--
-- TOC entry 2344 (class 2604 OID 18045)
-- Dependencies: 265 264 265
-- Name: id_jobentry_copy; Type: DEFAULT; Schema: public; Owner: postgres
--

ALTER TABLE r_jobentry_copy ALTER COLUMN id_jobentry_copy SET DEFAULT nextval('r_jobentry_copy_id_jobentry_copy_seq'::regclass);


--
-- TOC entry 2342 (class 2604 OID 18027)
-- Dependencies: 261 260 261
-- Name: id_jobentry_type; Type: DEFAULT; Schema: public; Owner: postgres
--

ALTER TABLE r_jobentry_type ALTER COLUMN id_jobentry_type SET DEFAULT nextval('r_jobentry_type_id_jobentry_type_seq'::regclass);


--
-- TOC entry 2340 (class 2604 OID 18004)
-- Dependencies: 256 255 256
-- Name: id_log; Type: DEFAULT; Schema: public; Owner: postgres
--

ALTER TABLE r_log ALTER COLUMN id_log SET DEFAULT nextval('r_log_id_log_seq'::regclass);


--
-- TOC entry 2339 (class 2604 OID 17995)
-- Dependencies: 254 253 254
-- Name: id_loglevel; Type: DEFAULT; Schema: public; Owner: postgres
--

ALTER TABLE r_loglevel ALTER COLUMN id_loglevel SET DEFAULT nextval('r_loglevel_id_loglevel_seq'::regclass);


--
-- TOC entry 2349 (class 2604 OID 18088)
-- Dependencies: 276 275 276
-- Name: id_namespace; Type: DEFAULT; Schema: public; Owner: postgres
--

ALTER TABLE r_namespace ALTER COLUMN id_namespace SET DEFAULT nextval('r_namespace_id_namespace_seq'::regclass);


--
-- TOC entry 2317 (class 2604 OID 17802)
-- Dependencies: 206 207 207
-- Name: id_note; Type: DEFAULT; Schema: public; Owner: postgres
--

ALTER TABLE r_note ALTER COLUMN id_note SET DEFAULT nextval('r_note_id_note_seq'::regclass);


--
-- TOC entry 2326 (class 2604 OID 17884)
-- Dependencies: 225 224 225
-- Name: id_partition; Type: DEFAULT; Schema: public; Owner: postgres
--

ALTER TABLE r_partition ALTER COLUMN id_partition SET DEFAULT nextval('r_partition_id_partition_seq'::regclass);


--
-- TOC entry 2325 (class 2604 OID 17875)
-- Dependencies: 223 222 223
-- Name: id_partition_schema; Type: DEFAULT; Schema: public; Owner: postgres
--

ALTER TABLE r_partition_schema ALTER COLUMN id_partition_schema SET DEFAULT nextval('r_partition_schema_id_partition_schema_seq'::regclass);


--
-- TOC entry 2313 (class 2604 OID 17769)
-- Dependencies: 198 199 199
-- Name: id_repository_log; Type: DEFAULT; Schema: public; Owner: postgres
--

ALTER TABLE r_repository_log ALTER COLUMN id_repository_log SET DEFAULT nextval('r_repository_log_id_repository_log_seq'::regclass);


--
-- TOC entry 2329 (class 2604 OID 17905)
-- Dependencies: 231 230 231
-- Name: id_slave; Type: DEFAULT; Schema: public; Owner: postgres
--

ALTER TABLE r_slave ALTER COLUMN id_slave SET DEFAULT nextval('r_slave_id_slave_seq'::regclass);


--
-- TOC entry 2337 (class 2604 OID 17968)
-- Dependencies: 248 247 248
-- Name: id_step; Type: DEFAULT; Schema: public; Owner: postgres
--

ALTER TABLE r_step ALTER COLUMN id_step SET DEFAULT nextval('r_step_id_step_seq'::regclass);


--
-- TOC entry 2338 (class 2604 OID 17977)
-- Dependencies: 250 249 250
-- Name: id_step_attribute; Type: DEFAULT; Schema: public; Owner: postgres
--

ALTER TABLE r_step_attribute ALTER COLUMN id_step_attribute SET DEFAULT nextval('r_step_attribute_id_step_attribute_seq'::regclass);


--
-- TOC entry 2336 (class 2604 OID 17959)
-- Dependencies: 246 245 246
-- Name: id_step_type; Type: DEFAULT; Schema: public; Owner: postgres
--

ALTER TABLE r_step_type ALTER COLUMN id_step_type SET DEFAULT nextval('r_step_type_id_step_type_seq'::regclass);


--
-- TOC entry 2322 (class 2604 OID 17846)
-- Dependencies: 217 216 217
-- Name: id_trans_attribute; Type: DEFAULT; Schema: public; Owner: postgres
--

ALTER TABLE r_trans_attribute ALTER COLUMN id_trans_attribute SET DEFAULT nextval('r_trans_attribute_id_trans_attribute_seq'::regclass);


--
-- TOC entry 2332 (class 2604 OID 17926)
-- Dependencies: 237 236 237
-- Name: id_trans_cluster; Type: DEFAULT; Schema: public; Owner: postgres
--

ALTER TABLE r_trans_cluster ALTER COLUMN id_trans_cluster SET DEFAULT nextval('r_trans_cluster_id_trans_cluster_seq'::regclass);


--
-- TOC entry 2333 (class 2604 OID 17932)
-- Dependencies: 239 238 239
-- Name: id_trans_hop; Type: DEFAULT; Schema: public; Owner: postgres
--

ALTER TABLE r_trans_hop ALTER COLUMN id_trans_hop SET DEFAULT nextval('r_trans_hop_id_trans_hop_seq'::regclass);


--
-- TOC entry 2347 (class 2604 OID 18070)
-- Dependencies: 272 271 272
-- Name: id_trans_lock; Type: DEFAULT; Schema: public; Owner: postgres
--

ALTER TABLE r_trans_lock ALTER COLUMN id_trans_lock SET DEFAULT nextval('r_trans_lock_id_trans_lock_seq'::regclass);


--
-- TOC entry 2327 (class 2604 OID 17890)
-- Dependencies: 227 226 227
-- Name: id_trans_partition_schema; Type: DEFAULT; Schema: public; Owner: postgres
--

ALTER TABLE r_trans_partition_schema ALTER COLUMN id_trans_partition_schema SET DEFAULT nextval('r_trans_partition_schema_id_trans_partition_schema_seq'::regclass);


--
-- TOC entry 2331 (class 2604 OID 17920)
-- Dependencies: 235 234 235
-- Name: id_trans_slave; Type: DEFAULT; Schema: public; Owner: postgres
--

ALTER TABLE r_trans_slave ALTER COLUMN id_trans_slave SET DEFAULT nextval('r_trans_slave_id_trans_slave_seq'::regclass);


--
-- TOC entry 2321 (class 2604 OID 17837)
-- Dependencies: 215 214 215
-- Name: id_transformation; Type: DEFAULT; Schema: public; Owner: postgres
--

ALTER TABLE r_transformation ALTER COLUMN id_transformation SET DEFAULT nextval('r_transformation_id_transformation_seq'::regclass);


--
-- TOC entry 2353 (class 2604 OID 18124)
-- Dependencies: 283 284 284
-- Name: id_user; Type: DEFAULT; Schema: public; Owner: postgres
--

ALTER TABLE r_user ALTER COLUMN id_user SET DEFAULT nextval('r_user_id_user_seq'::regclass);


--
-- TOC entry 2335 (class 2604 OID 17950)
-- Dependencies: 244 243 244
-- Name: id_value; Type: DEFAULT; Schema: public; Owner: postgres
--

ALTER TABLE r_value ALTER COLUMN id_value SET DEFAULT nextval('r_value_id_value_seq'::regclass);


--
-- TOC entry 2314 (class 2604 OID 17778)
-- Dependencies: 201 200 201
-- Name: id_version; Type: DEFAULT; Schema: public; Owner: postgres
--

ALTER TABLE r_version ALTER COLUMN id_version SET DEFAULT nextval('r_version_id_version_seq'::regclass);


--
-- TOC entry 2305 (class 2604 OID 16920)
-- Dependencies: 189 188
-- Name: id_tarea; Type: DEFAULT; Schema: public; Owner: postgres
--

ALTER TABLE tarea ALTER COLUMN id_tarea SET DEFAULT nextval('tarea_id_tarea_seq'::regclass);


--
-- TOC entry 2307 (class 2604 OID 16921)
-- Dependencies: 191 190
-- Name: id_tipoaveria; Type: DEFAULT; Schema: public; Owner: postgres
--

ALTER TABLE tipo_averia ALTER COLUMN id_tipoaveria SET DEFAULT nextval('tipo_averia_id_tipoaveria_seq'::regclass);


--
-- TOC entry 2309 (class 2604 OID 16922)
-- Dependencies: 193 192
-- Name: ubic_id; Type: DEFAULT; Schema: public; Owner: postgres
--

ALTER TABLE ubicacion ALTER COLUMN ubic_id SET DEFAULT nextval('ubicacion_ubic_id_seq'::regclass);


--
-- TOC entry 2311 (class 2604 OID 16923)
-- Dependencies: 195 194
-- Name: usua_id; Type: DEFAULT; Schema: public; Owner: postgres
--

ALTER TABLE usuario ALTER COLUMN usua_id SET DEFAULT nextval('usuario_usua_id_seq'::regclass);


SET search_path = bi_efix, pg_catalog;

--
-- TOC entry 2491 (class 0 OID 18414)
-- Dependencies: 286
-- Data for Name: averias_th; Type: TABLE DATA; Schema: bi_efix; Owner: postgres
--

COPY averias_th (id_averia, ubicacion_id, personal_id, estado_averia, estado_tarea, tipo_solucion, categoria_solucion, falla, incedencia_id, tiempo_averia_id, tiempo_tarea_id, id_patrimonio) FROM stdin;
12	27	6	O	true	\N	\N	\N	2	12	12	sasa1233
13	21	4	O	true	\N	\N	\N	6	13	13	123
15	20	5	O	true	\N	\N	\N	6	15	15	124
16	32	5	O	true	\N	\N	\N	1	16	16	125
17	12	12	O	true	\N	\N	\N	8	17	17	13
19	46	7	O	true	\N	\N	\N	8	19	19	012
18	63	12	A	true	\N	\N	\N	8	18	18	122
24	47	8	O	true	\N	\N	\N	1	24	24	124
25	45	8	O	true	\N	\N	\N	6	25	25	125
26	45	8	O	true	\N	\N	\N	6	26	26	13
28	35	8	O	true	\N	\N	\N	7	28	28	14
29	45	8	O	true	\N	\N	\N	6	29	29	sasa1233
31	32	8	O	true	\N	\N	\N	6	31	31	unsm23339
10	12	4	A	true	\N	\N	\N	8	10	10	sape4548
32	25	4	O	true	\N	\N	\N	8	32	32	012
33	24	12	O	true	\N	\N	\N	6	33	33	122
20	20	8	A	true	SI SE SOLUCIONO	FALLA DEL EQUIPO	\N	9	20	20	012
11	9	8	A	true	SI SE SOLUCIONO	FALLA DEL EQUIPO	\N	6	11	11	unsm23339
27	35	8	A	true	NO SE SOLUCIONO	OBSOLECENCIA	\N	7	27	27	sape4548
21	20	8	A	true	SI SE SOLUCIONO	FALLA POR USUARIO	\N	9	21	21	sasa1233
22	63	8	A	true	SI SE SOLUCIONO	FALLA POR USUARIO	\N	8	22	22	122
23	47	8	A	true	SI SE SOLUCIONO	FALLA POR USUARIO	\N	1	23	23	012
14	32	10	A	true	SI SE SOLUCIONO	FALLA DEL EQUIPO	\N	1	14	14	123
30	33	8	O	true	\N	\N	\N	7	30	30	sape4548
\.


--
-- TOC entry 2425 (class 0 OID 16404)
-- Dependencies: 164
-- Data for Name: etl_ambiente; Type: TABLE DATA; Schema: bi_efix; Owner: postgres
--

COPY etl_ambiente (facultad, ambiente, ubicacion, id) FROM stdin;
Ciencias Agrarias	Piso2 - Pabellon1	UBICACION 2	2
Ciencias Agrarias	Piso1 - Pabellon1	UBICACION PRUEBA	1
Ciencias Agrarias	Piso1 - Pabellon1	AULA 2	4
Ciencias Agrarias	Piso1 - Pabellon1	AULA 1	3
Ciencias Agrarias	Piso1 - Pabellon2	AULA 1	5
Ciencias Agrarias	Piso1 - Pabellon2	A1	6
Ciencias Agrarias	Piso1 - Pabellon2	A2	7
Ciencias Agrarias	Piso2 - Pabellon2	B1	8
Ciencias Agrarias	Piso2 - Pabellon2	B2	9
Ciencias Agrarias	Piso1 - Pabellon1	C1	10
Ciencias Agrarias	Piso1 - Pabellon1	C2	11
Ciencias Agrarias	Piso2 - Pabellon1	D1	12
Ciencias Agrarias	Piso2 - Pabellon1	D2	13
Ciencias de la Salud	Piso1 - Pabellon1	A1	14
Ciencias de la Salud	Piso1 - Pabellon1	A2	15
Ciencias de la Salud	Piso2 - Pabellon1	B1	16
Ciencias de la Salud	Piso2 - Pabellon1	B2	17
Ciencias de la Salud	Piso1 - Pabellon2	C1	18
Ciencias de la Salud	Piso1 - Pabellon2	C2	19
Ingenieria AgroIndustrial	Piso1 - Pabellon1	A2	21
Ingenieria AgroIndustrial	Piso2 - Pabellon1	B1	22
Ingenieria AgroIndustrial	Piso2 - Pabellon1	B2	23
Ingenieria Civil y Arquitectura	Piso1 - Pabellon1	A1	24
Ingenieria Civil y Arquitectura	Piso1 - Pabellon1	A2	25
Ingenieria Civil y Arquitectura	Piso2 - PAbellon1	B2	27
Ingenieria Civil y Arquitectura	Piso1 - Pabellon2	C1	28
Ingenieria Civil y Arquitectura	Piso1 - Pabellon2	C2	29
Ingenieria Civil y Arquitectura	Piso2 - Pabellon2	D1	30
Ingenieria Civil y Arquitectura	Piso2 - Pabellon2	D2	31
Ingenieria de Sistemas e Informatica	Piso1 - Pabellon1 	A1	32
Ingenieria de Sistemas e Informatica	Piso1 - Pabellon1 	A2	33
Ingenieria de Sistemas e Informatica	Piso2 - Pabellon2	B1	34
Ingenieria de Sistemas e Informatica	Piso2 - Pabellon2	B2	35
Ingenieria de Sistemas e Informatica	Piso1 - Pabellon2	C1	36
Ingenieria de Sistemas e Informatica	Piso1 - Pabellon2	C2	37
Ingenieria de Sistemas e Informatica	Piso2 - Pabellon2	D1	38
Ingenieria de Sistemas e Informatica	Piso2 - Pabellon2	D2	39
Ecologia	Piso1 - Pabellon1	A2	41
Ecologia	Piso2 - Pabellon1	B1	42
Ingenieria Civil y Arquitectura	Piso2 - PAbellon1	B1	26
Medicina Humana	Piso1 - Pabellon1	A2	45
Medicina Humana	Piso2 - Pabellon1	B1	46
Medicina Humana	Piso2 - Pabellon1	B2	47
Medicina Humana	Piso1 - Pabellon2	C1	48
Medicina Humana	Piso1 - Pabellon2	C2	49
Medicina Humana	Piso2 - Pabellon2	D1	50
Medicina Humana	Piso2 - Pabellon2	D2	51
Medicina Humana	Piso2 - Pabellon2	E1	52
Medicina Humana	Piso2 - Pabellon2	E2	53
Medicina Humana	Piso2 - Pabellon3	F1	54
Medicina Humana	Piso2 - Pabellon3	F2	55
Ciencias Economicas	Piso1 - Pabellon1	A1	56
Ciencias Economicas	Piso1 - Pabellon1	A2	57
Ciencias Economicas	Piso1 - Pabellon1	A3	58
Educacion y Humanidades	Piso1 - Pabellon1	A1	59
Educacion y Humanidades	Piso1 - Pabellon1	A2	60
Educacion y Humanidades	Piso2 - PAbellon1	B1	61
Educacion y Humanidades	Piso2 - PAbellon1	B2	62
Ecologia	Piso1 - Pabellon1	A1	43
Medicina Humana	Piso1 - Pabellon1	A1	44
Ingenieria AgroIndustrial	Piso1 - Pabellon1	A1	20
Ecologia	Piso1 - Pabellon1	A1	40
Medicina Humana	Piso1 - Pabellon1	OFICINA1	63
Medicina Humana	Piso1 - Pabellon1	OFICINA2	64
\.


--
-- TOC entry 2426 (class 0 OID 16410)
-- Dependencies: 165
-- Data for Name: etl_incidencias; Type: TABLE DATA; Schema: bi_efix; Owner: postgres
--

COPY etl_incidencias (tiempo_estimado, id_incidencia, incidencia, tipo) FROM stdin;
99	3	OTRO	SOFTWARE
99	4	OTRO	REDES
99	5	OTRO	HARDWARE
2	7	PROBLEMAS DE ACTIVACIN DE OFICCE	SOFTWARE
2	8	ALETA AMARRILLO EN LA BARRA DE SEAL	REDES
1	9	NO PUEDO ABRIR FACEBOOK	REDES
2	2	SALE UN MENSAJE NO BOOT SYSTEM	SOFTWARE
1	1	PROYECTOR NO ENCIENDE	HARDWARE
2	6	EL AIRE ACONDICIONADO NO ENCIENDE	HARDWARE
\.


--
-- TOC entry 2427 (class 0 OID 16413)
-- Dependencies: 166
-- Data for Name: etl_patrimonio; Type: TABLE DATA; Schema: bi_efix; Owner: postgres
--

COPY etl_patrimonio (serie, patrimonio, id_patrimonio) FROM stdin;
sasa1233	computador	1
sape4548	laptop	2
unsm23339	proyector	3
012	pcs	4
122	pcs	5
123	pcs	6
124	lap	7
125	pro	8
13	proeyctor	9
14	proyecto	10
323232	2323232	11
1234HG	MODEM	12
\.


--
-- TOC entry 2429 (class 0 OID 16428)
-- Dependencies: 169
-- Data for Name: etl_personal; Type: TABLE DATA; Schema: bi_efix; Owner: postgres
--

COPY etl_personal (id_personal, nombres, cargo, area) FROM stdin;
5	ANGEL	TCNICO	SOPORTE TCNIDO
6	MANUEL	JEFE	ADMINISTRACIN DE REDES
7	FERNADO	TCNICO	ADMINISTRACIN DE REDES
9	ROBERT	TCNICO	ADMINISTRACIN DE SOFTWARE
10	CARLOS ENRIQUE	JEFE DE INFORMTICO	JEFE DE INFORMTICA
4	JUAN ANDRADE	JEFE	SOPORTE TCNIDO
12	ALI	TECNICO	ADMINISTRACIN DE SOFTWARE
8	PEDRO	JEFE	ADMINISTRACIN DE SOFTWARE
\.


--
-- TOC entry 2490 (class 0 OID 18175)
-- Dependencies: 285
-- Data for Name: etl_tiempo; Type: TABLE DATA; Schema: bi_efix; Owner: postgres
--

COPY etl_tiempo (id_tiempo, fecha_averia, year_averia, id_mes_averia, mes_averia, id_dia_averia, dia_averia, trimestre_averia_id, trimestre_averia, hora_averia_, hora_averia, minuto_averia, segundo_averia, fecha_tarea, year_tarea, id_mes_tarea, mes_tarea, id_dia_tarea, dia_tarea, trimestre_tarea_id, trimestre_tarea, hora_tarea_, hora_tarea, minuto_tarea, segundo_tarea) FROM stdin;
12	2014-06-12	2014	6	june     	12	thursday 	2uarter	2	1970-01-01 18:20:19.000000 -05:00:00	18	20	19	\N	\N	\N	\N	\N	\N	\N	\N	\N	\N	\N	\N
13	2014-06-16	2014	6	june     	16	monday   	2uarter	2	1970-01-01 13:44:46.000000 -05:00:00	13	44	46	\N	\N	\N	\N	\N	\N	\N	\N	\N	\N	\N	\N
15	2014-06-18	2014	6	june     	17	tuesday  	2uarter	2	1970-01-01 02:50:53.000000 -05:00:00	2	50	53	\N	\N	\N	\N	\N	\N	\N	\N	\N	\N	\N	\N
16	2014-06-18	2014	6	june     	17	tuesday  	2uarter	2	1970-01-01 23:08:21.000000 -05:00:00	23	8	21	\N	\N	\N	\N	\N	\N	\N	\N	\N	\N	\N	\N
17	2014-06-28	2014	6	june     	28	saturday 	2uarter	2	1970-01-01 15:07:02.000000 -05:00:00	15	7	2	\N	\N	\N	\N	\N	\N	\N	\N	\N	\N	\N	\N
19	2014-06-28	2014	6	june     	28	saturday 	2uarter	2	1970-01-01 15:36:46.000000 -05:00:00	15	36	46	\N	\N	\N	\N	\N	\N	\N	\N	\N	\N	\N	\N
18	2014-06-28	2014	6	june     	28	saturday 	2uarter	2	1970-01-01 14:36:12.000000 -05:00:00	14	36	12	2014-06-28	2014	6	june     	28	saturday 	2	2uarter	1970-01-01 15:44:59.000000 -05:00:00	15	44	59
24	2014-06-28	2014	6	june     	28	saturday 	2uarter	2	1970-01-01 14:35:47.000000 -05:00:00	14	35	47	\N	\N	\N	\N	\N	\N	\N	\N	\N	\N	\N	\N
25	2014-06-28	2014	6	june     	28	saturday 	2uarter	2	1970-01-01 14:35:29.000000 -05:00:00	14	35	29	\N	\N	\N	\N	\N	\N	\N	\N	\N	\N	\N	\N
26	2014-06-28	2014	6	june     	28	saturday 	2uarter	2	1970-01-01 14:35:28.000000 -05:00:00	14	35	28	\N	\N	\N	\N	\N	\N	\N	\N	\N	\N	\N	\N
28	2014-06-28	2014	6	june     	28	saturday 	2uarter	2	1970-01-01 14:34:57.000000 -05:00:00	14	34	57	\N	\N	\N	\N	\N	\N	\N	\N	\N	\N	\N	\N
29	2014-06-28	2014	6	june     	17	tuesday  	2uarter	2	1970-01-01 21:58:55.000000 -05:00:00	21	58	55	\N	\N	\N	\N	\N	\N	\N	\N	\N	\N	\N	\N
31	2014-06-28	2014	6	june     	17	tuesday  	2uarter	2	1970-01-01 21:52:13.000000 -05:00:00	21	52	13	\N	\N	\N	\N	\N	\N	\N	\N	\N	\N	\N	\N
10	2014-06-12	2014	6	june     	12	thursday 	2uarter	2	1970-01-01 18:28:00.000000 -05:00:00	18	28	0	2014-06-12	2014	6	june     	12	thursday 	2	2uarter	1970-01-01 18:41:42.000000 -05:00:00	18	41	42
32	2014-06-29	2014	6	june     	17	tuesday  	2uarter	2	1970-01-01 21:47:14.000000 -05:00:00	21	47	14	\N	\N	\N	\N	\N	\N	\N	\N	\N	\N	\N	\N
33	2014-06-29	2014	6	june     	17	tuesday  	2uarter	2	1970-01-01 21:50:57.000000 -05:00:00	21	50	57	\N	\N	\N	\N	\N	\N	\N	\N	\N	\N	\N	\N
20	2014-06-28	2014	6	june     	28	saturday 	2uarter	2	1970-01-01 14:36:38.000000 -05:00:00	14	36	38	2014-07-01	2014	7	july     	1	tuesday  	3	3uarter	1970-01-01 02:36:52.000000 -05:00:00	2	36	52
11	2014-06-12	2014	6	june     	12	thursday 	2uarter	2	1970-01-01 18:26:29.000000 -05:00:00	18	26	29	2014-07-01	2014	7	july     	1	tuesday  	3	3uarter	1970-01-01 02:37:37.000000 -05:00:00	2	37	37
27	2014-06-28	2014	6	june     	28	saturday 	2uarter	2	1970-01-01 14:34:58.000000 -05:00:00	14	34	58	2014-07-01	2014	7	july     	1	tuesday  	3	3uarter	1970-01-01 02:40:02.000000 -05:00:00	2	40	2
21	2014-06-28	2014	6	june     	28	saturday 	2uarter	2	1970-01-01 14:36:37.000000 -05:00:00	14	36	37	2014-07-01	2014	7	july     	1	tuesday  	3	3uarter	1970-01-01 02:52:50.000000 -05:00:00	2	52	50
22	2014-06-28	2014	6	june     	28	saturday 	2uarter	2	1970-01-01 14:36:12.000000 -05:00:00	14	36	12	2014-07-01	2014	7	july     	1	tuesday  	3	3uarter	1970-01-01 07:45:54.000000 -05:00:00	7	45	54
23	2014-06-28	2014	6	june     	28	saturday 	2uarter	2	1970-01-01 14:35:47.000000 -05:00:00	14	35	47	2014-07-01	2014	7	july     	1	tuesday  	3	3uarter	1970-01-01 08:15:26.000000 -05:00:00	8	15	26
14	2014-06-17	2014	6	june     	17	tuesday  	2uarter	2	1970-01-01 18:13:18.000000 -05:00:00	18	13	18	2014-07-01	2014	7	july     	1	tuesday  	3	3uarter	1970-01-01 08:19:51.000000 -05:00:00	8	19	51
30	2014-06-28	2014	6	june     	17	tuesday  	2uarter	2	1970-01-01 21:53:23.000000 -05:00:00	21	53	23	\N	\N	\N	\N	\N	\N	\N	\N	\N	\N	\N	\N
\.


SET search_path = public, pg_catalog;

--
-- TOC entry 2430 (class 0 OID 16453)
-- Dependencies: 171
-- Data for Name: ambiente; Type: TABLE DATA; Schema: public; Owner: postgres
--

COPY ambiente (ambi_id, ambi_descripcion, ambi_estado, facu_id) FROM stdin;
3	Piso1 - Pabellon1	t	2
4	Piso2 - Pabellon1	t	2
5	Piso1 - Pabellon2	t	2
6	Piso1 - Pabellon2	t	1
7	Piso2 - Pabellon2	t	1
8	Piso1 - Pabellon1	t	3
9	Piso2 - Pabellon1	t	3
10	Piso1 - Pabellon1	t	4
11	Piso2 - PAbellon1	t	4
12	Piso1 - Pabellon2	t	4
13	Piso2 - Pabellon2	t	4
14	Piso1 - Pabellon1 	t	5
15	Piso2 - Pabellon2	t	5
16	Piso1 - Pabellon2	t	5
17	Piso2 - Pabellon2	t	5
18	Piso1 - Pabellon1	t	6
19	Piso2 - Pabellon1	t	6
20	Piso1 - Pabellon1	t	8
21	Piso2 - Pabellon1	t	8
22	Piso1 - Pabellon2	t	8
23	Piso2 - Pabellon2	t	8
24	PIso1 - Pabellon3	t	8
25	Piso2 - Pabellon3	t	8
26	Piso1 - Pabellon1	t	9
27	Piso1 - Pabellon1	t	10
28	Piso2 - PAbellon1	t	10
1	Piso1 - Pabellon1	t	1
2	Piso2 - Pabellon1	t	1
\.


--
-- TOC entry 2431 (class 0 OID 16459)
-- Dependencies: 173
-- Data for Name: area_administrativa; Type: TABLE DATA; Schema: public; Owner: postgres
--

COPY area_administrativa (id_area, descripcion, estado) FROM stdin;
6	SOPORTE TCNIDO	t
7	ADMINISTRACIN DE REDES	t
8	ADMINISTRACIN DE SOFTWARE	t
9	JEFE DE INFORMTICA	t
2	SOPORTE TCNIDO	t
\.


--
-- TOC entry 2432 (class 0 OID 16465)
-- Dependencies: 175
-- Data for Name: averia; Type: TABLE DATA; Schema: public; Owner: postgres
--

COPY averia (id_averia, id_incidencia, usua_id, fecha_reporte, hora_reporte, estado, seguimiento, observacion, ubic_id, imagen, cantidad, codigo_movil, calificacion) FROM stdin;
8	7	1	2014-06-12	18:27:00	t	P	sdsdsd	28	10461769_322764894548750_394876848_n.jpg	1	\N	0
6	2	1	2014-06-12	18:20:19	t	O	jjejejejejejee	27	10461769_322764894548750_394876848_n.jpg	1	\N	3
10	6	1	2014-06-16	13:44:46	t	O	lll,l	21		1	\N	0
12	1	1	2014-06-17	12:50:01	t	P	lo necesito con urgencia	44	DSC03575.JPG	1	\N	0
13	6	1	2014-06-17	12:52:21	t	P	aesa	45	DSC03573.JPG	1	\N	0
14	5	1	2014-06-17	16:30:17	t	P	dfsuias78easjdsfhuosat gesuartfgfdf	32	389177_10201355590876946_216970819_n(1).jpg	1	\N	0
15	1	1	2014-01-01	16:41:41	t	P	neverrr	1	cccccc	1	\N	0
16	1	1	2014-06-17	18:08:28	t	P	Odn	32	2014517456130png	1	\N	0
17	1	1	2014-06-17	18:11:04	t	P	negaba	32	201451759983.png	1	\N	0
19	1	1	2014-06-17	18:54:47	t	P	Hugh	32	2014517553353png.png	1	\N	0
20	9	1	2014-06-17	20:02:02	t	P	Ola	43	1403053233471.jpg	1	\N	0
21	1	1	2014-06-17	21:31:09	t	P	eh\n	32	2014517830279png.png	1	\N	0
22	1	1	2014-06-17	21:33:46	t	P	xycicov	33	2014517833514png.png	1	\N	0
23	1	1	2014-06-17	21:38:52	t	P	hola	33	2014517838442png.png	1	\N	0
24	1	1	2014-06-17	21:43:02	t	P	Mara nd	32	2014517842603png.png	1	\N	0
11	6	1	2014-06-17	02:50:53	t	O	es urgente porfavor qque me muero de calor	20	P1000267.JPG	1	\N	0
30	1	1	2014-06-17	23:08:21	t	O	ghh	32	2014517107874png.png	1	\N	0
41	8	1	2014-06-28	15:07:02	t	O	bb	12	2wewe.png	1	\N	0
42	8	16	2014-06-28	15:36:46	t	O	dhjjdhc	46	2wewe.png	1	\N	0
37	8	1	2014-06-28	14:36:12	t	A	gdgdgdg	63		1	\N	0
35	1	1	2014-06-28	14:35:47	t	O	rtdgdgdg	47		1	\N	0
34	6	1	2014-06-28	14:35:29	t	O	dfgdfgdgfd	45		1	\N	0
33	6	1	2014-06-28	14:35:28	t	O	dfgdfgdgfd	45		1	\N	0
31	7	1	2014-06-28	14:34:57	t	O	rfgdgdg	35		1	\N	0
29	6	1	2014-06-17	21:58:55	t	O	Dhchf	45		1	\N	0
27	6	1	2014-06-17	21:52:13	t	O	Hdjx	32	IMAG0108.jpg	1	\N	0
9	8	1	2014-06-12	18:28:00	t	A	adsdsd	12	10461769_322764894548750_394876848_n.jpg	1	\N	5
25	8	1	2014-06-17	21:47:14	t	O	Hola	25	images.jpg	1	\N	0
26	6	1	2014-06-17	21:50:57	t	O	Etc	24	IMAG0098.jpg	1	\N	0
40	9	1	2014-06-28	14:36:38	t	A	fgdgdgdg	20	Sin ttulo.png	1	\N	0
7	6	1	2014-06-12	18:26:29	t	A	sdsdsd	9		1	\N	0
32	7	1	2014-06-28	14:34:58	t	A	rfgdgdg	35		1	\N	0
39	9	1	2014-06-28	14:36:37	t	A	fgdgdgdg	20	Sin ttulo.png	1	\N	0
38	8	1	2014-06-28	14:36:12	t	A	gdgdgdg	63		1	\N	0
36	1	1	2014-06-28	14:35:47	t	A	rtdgdgdg	47		1	\N	0
18	1	1	2014-06-17	18:13:18	t	A	hcngms	32	2014517512670png.png	1	\N	0
28	7	1	2014-06-17	21:53:23	f	O	Fgudwvd	33	IMAG0098.jpg	1	\N	0
\.


--
-- TOC entry 2433 (class 0 OID 16479)
-- Dependencies: 177
-- Data for Name: coordenada; Type: TABLE DATA; Schema: public; Owner: postgres
--

COPY coordenada (id_coordenada, facu_id, latitud, longitud, estado) FROM stdin;
3	5	-6.48504640	-7637888796	t
4	5	-6.48505969	-76.37890916	t
5	5	-6.48497078	-\t76.37890784	t
6	5	-6.48502700	-76.37897351	t
7	5	-6.48505120	-76.37905007	t
8	5	-6.48506077	-76.37900512	t
9	5	-6.48506416	-76.37887442	t
10	5	-6.48510240	-76.37894152	t
11	5	-6.48502430	-76.37894498	t
12	5	-6.48502627	-76.37894683	t
13	5	-6.48502781	-76.37895081	t
14	5	-6.48495999	-76.37903507	t
15	5	-6.48496006	-76.37903696	t
16	5	-6.48495964	-76.37903422	t
17	5	-6.48495951	-76.37903325	t
18	5	-6.48495927	-76.37903271	t
19	5	-6.48495942	-76.37903315	t
20	5	-6.48495949	-76.37903324	t
21	5	-6.48494388	-76.37911502	t
22	5	-6.48494414	-76.37912405	t
23	5	-6.48517576	-76.37926032	t
24	8	-6.48492822	-76.37944729	t
25	8	-6.48477061	-76.37945304	t
26	8	6.48476704	-76.37945746	t
27	8	-6.48485826	-76.37961118	t
28	8	-6.48480687	-76.37958634	t
29	8	-6.48475498	-76.37956936	t
30	8	-6.48478604	-76.37972175	t
31	8	-6.48477890	-76.37975565	t
32	8	-6.48486251	-76.37970012	t
33	8	-6.48496311	-76.37971397	t
34	8	-6.48496756	-76.37971305	t
35	8	-6.48462247	-76.37973898	t
36	8	-6.48462152	-76.37973860	t
37	8	-6.48470775	-76.37985054	t
38	8	-6.48.471893	-76.37993065	t
39	8	-6.48473680	-76.37992272	t
40	8	-6.48469282	-76.38005125	t
41	2	-6.48504670	-76.37993170	t
42	2	-6.48469617	-76.37962859	t
43	2	-6.48470852	-76.37961555	t
44	2	-6.48508240	-76.37975471	t
45	2	-6.48471664	-76.37957415	t
46	2	-6.48491784	-76.37958772	t
47	2	-6.48522553	-76.37990646	t
48	2	-6.48491201	-76.37959147	t
49	2	-6.48499616	-76.37968090	t
50	2	-6.48486387	-76.37980619	t
51	2	-6.48489873	-76.37992527	t
52	2	6.48495823	-76.38001986	t
53	2	-6.48497496	-76.38003757	t
54	2	-6.48497843	-76.38002739	t
55	2	-6.48500173	-76.37994327	t
56	2	-6.48513558	-76.37995636	t
57	2	-6.48512702	-76.37986111	t
\.


--
-- TOC entry 2434 (class 0 OID 16488)
-- Dependencies: 179
-- Data for Name: facultad; Type: TABLE DATA; Schema: public; Owner: postgres
--

COPY facultad (facu_id, facu_descripcion, facu_estado) FROM stdin;
1	Ciencias Agrarias	t
2	Ciencias de la Salud	t
3	Ingenieria AgroIndustrial	t
4	Ingenieria Civil y Arquitectura	t
5	Ingenieria de Sistemas e Informatica	t
6	Ecologia	t
8	Medicina Humana	t
9	Ciencias Economicas	t
10	Educacion y Humanidades	t
7	Derecho y Ciencias Politicas	f
\.


--
-- TOC entry 2435 (class 0 OID 16494)
-- Dependencies: 181
-- Data for Name: incidencia; Type: TABLE DATA; Schema: public; Owner: postgres
--

COPY incidencia (id_incidencia, descripcion, estado, id_tipoaveria, tiempo_estimado, posible_solucion) FROM stdin;
3	OTRO	t	3	99	
4	OTRO	t	2	99	
5	OTRO	t	1	99	
7	PROBLEMAS DE ACTIVACIN DE OFICCE	t	3	2	<p><p>1) Descargue el crack de la siguiente url</p></p><p>2) Ejecute como administrador el programa</p><p>3)Listo</p>
8	ALETA AMARRILLO EN LA BARRA DE SEAL	t	2	2	1) Verifique que su ip este configurado de la siguiente manera:<br><p>2) Sejecutar el comando ipconfig en el cmd</p>
9	NO PUEDO ABRIR FACEBOOK	t	2	1	1) Instale el thor
2	SALE UN MENSAJE NO BOOT SYSTEM	t	3	2	1) Retire las memorias usb's que estn conectadas el equipo<p>2) Entre a la bios y configura lo siguiente:<br><p><br></p></p>
1	PROYECTOR NO ENCIENDE	f	1	1	1)Asegrese que el proyector este conectado al enchufe.<p>2)Verifique que esta siendo alimentado de energa &nbsp;</p>
6	EL AIRE ACONDICIONADO NO ENCIENDE	t	1	2	1)Verifique que el proyector este en funcionamiento a travs de la luz parpadeante verde<p>2)Verifique que la llave trmica este levantada</p>
\.


--
-- TOC entry 2436 (class 0 OID 16503)
-- Dependencies: 183
-- Data for Name: modulo; Type: TABLE DATA; Schema: public; Owner: postgres
--

COPY modulo (modu_id, modu_descripcion, modu_url, modu_estado, modu_padre, modu_peso) FROM stdin;
2	MODULOS	index.php/modulo	t	1	1
1	SEGURIDAD	#	t	0	3
3	PERFILES	index.php/perfil	t	1	2
4	PERMISOS	index.php/perfil/permiso	t	1	3
5	USUARIOS	index.php/usuario	t	1	4
19	GESTIN AVERIAS	#	t	0	1
25	ADMINISTRACION	#	t	0	2
28	AVERIAS	index.php/averia	t	19	1
29	TAREAS	index.php/tarea	t	19	2
20	FACULTADES	index.php/facultad	t	19	3
21	AMBIENTES	index.php/ambiente	t	19	4
22	AULAS - OFICINAS	index.php/ubicacion	t	19	5
23	TIPOS DE AVERIA	index.php/tipo_averia	t	19	6
24	INCIDENCIAS	index.php/incidencia	t	19	7
26	AREAS ADMINISTRATIVAS	index.php/area_administrativa	t	25	1
27	PERSONAL	index.php/personal	t	25	2
30	REPORTES	#	t	0	4
31	AVERIAS X FACULTAD	index.php/reportes/averias	t	30	1
32	AVERIAS X TECNICO	index.php/reportes/tecnico	t	30	2
34	MODULO BI	#	t	0	5
35	MODULO GRAFICOS	index.php/Graficos	t	34	1
\.


--
-- TOC entry 2443 (class 0 OID 17082)
-- Dependencies: 197
-- Data for Name: patrimonio; Type: TABLE DATA; Schema: public; Owner: postgres
--

COPY patrimonio (id_patrimonio, codigo_patrimonial, descripcion) FROM stdin;
1	sasa1233	computador
2	sape4548	laptop
3	unsm23339	proyector
4	012	pcs
5	122	pcs
6	123	pcs
7	124	lap
8	125	pro
9	13	proeyctor
10	14	proyecto
11	323232	2323232
12	1234HG	MODEM
\.


--
-- TOC entry 2437 (class 0 OID 16514)
-- Dependencies: 185
-- Data for Name: perfil; Type: TABLE DATA; Schema: public; Owner: postgres
--

COPY perfil (perf_id, perf_descripcion, perf_estado) FROM stdin;
1	DESARROLLADOR	t
3	REPORTEADOR	f
10	SECRETARIA	t
8	JEFE	f
11	JEFE	t
12	TCNICO	t
13	JEFE DE INFORMTICA	t
2	TECNICO	f
9	USUARIO	f
14	USU	t
\.


--
-- TOC entry 2438 (class 0 OID 16520)
-- Dependencies: 187
-- Data for Name: permiso; Type: TABLE DATA; Schema: public; Owner: postgres
--

COPY permiso (modu_id, perf_id, perm_estado) FROM stdin;
28	2	f
28	3	f
24	2	f
29	2	f
29	3	f
25	2	f
26	2	f
27	2	f
25	8	t
26	8	t
27	8	t
19	8	f
21	8	f
22	8	f
28	8	f
20	8	f
24	8	f
29	8	f
23	8	f
1	8	f
2	8	f
3	8	f
4	8	f
5	8	f
30	3	f
30	8	f
30	2	f
31	3	f
31	8	f
31	2	f
32	3	f
32	8	f
32	2	f
25	13	t
26	13	t
27	13	t
19	13	t
21	13	f
22	13	f
28	13	t
20	13	f
24	13	f
29	13	t
23	13	f
30	13	f
31	13	f
32	13	f
1	13	t
2	13	t
3	13	t
4	13	t
5	13	t
20	11	f
24	11	f
29	11	t
23	11	f
30	11	t
31	11	t
32	11	t
3	11	f
4	11	f
5	11	f
25	9	f
26	9	f
27	9	f
19	9	f
21	9	f
22	9	f
28	9	f
20	9	f
24	9	f
29	9	f
23	9	f
30	9	f
31	9	f
32	9	f
1	9	f
2	9	f
3	9	f
4	9	f
5	9	f
25	11	t
26	11	f
27	11	t
19	11	t
21	11	f
22	11	f
28	11	t
1	11	f
2	11	f
26	1	t
23	1	t
34	1	t
25	1	t
31	1	t
32	1	t
1	1	t
2	1	t
3	1	t
5	1	t
25	10	t
34	3	f
34	9	f
34	8	f
27	1	t
19	1	t
21	1	t
22	1	t
28	1	t
20	1	t
24	1	t
29	1	t
35	1	t
30	1	t
4	1	t
34	11	f
34	13	f
34	2	f
35	3	f
35	9	f
35	8	f
35	11	f
35	13	f
35	2	f
26	10	t
27	10	t
19	10	t
21	10	t
22	10	t
28	10	f
20	10	t
24	10	f
29	10	f
23	10	t
34	10	f
35	10	f
30	10	t
31	10	t
32	10	t
1	10	f
2	10	f
3	10	f
4	10	f
5	10	f
25	12	f
26	12	f
27	12	f
19	12	t
21	12	f
22	12	f
28	12	f
20	12	f
24	12	t
29	12	t
23	12	f
34	12	f
35	12	f
30	12	t
31	12	t
32	12	t
1	12	f
2	12	f
3	12	f
4	12	f
5	12	f
2	14	f
1	14	f
3	14	f
4	14	f
5	14	f
19	14	f
25	14	f
28	14	f
29	14	f
20	14	f
21	14	f
22	14	f
23	14	f
24	14	f
26	14	f
27	14	f
30	14	f
31	14	f
32	14	f
34	14	f
35	14	f
\.


--
-- TOC entry 2428 (class 0 OID 16419)
-- Dependencies: 167
-- Data for Name: personal; Type: TABLE DATA; Schema: public; Owner: postgres
--

COPY personal (id_personal, dni, apellido_paterno, apellido_materno, nombres, direccion, telefono, id_area, cargo, estado, usua_id) FROM stdin;
5	54853422	SNCHEZ 	JIMNEZ	ANGEL	JR. LOS LAURELES 278	986456738	6	TCNICO	t	\N
6	45673499	AGUILAR	FERNNDEZ	MANUEL	JR. MANUELA MOREY 789	965486576	7	JEFE	t	\N
7	57784949	DVILA	AGUIRRE	FERNADO	JR. LOS PROCERES 674	978554658	7	TCNICO	t	\N
9	67547677	SANGAMA	PEREA	ROBERT	JR. SUCRE 345	975439765	8	TCNICO	t	\N
10	84739200	LOPEZ	RODRIGUES	CARLOS ENRIQUE	JR. VIA EVITAMIENTO 4859	954853465	9	JEFE DE INFORMTICO	t	\N
4	47345632	RENGIFO	NORIEGA	JUAN ANDRADE	JR. TUPAC AMARU 247	965438532	6	JEFE	t	\N
12	47635648	URBINA	SANCHEZ	ALI	LAS MIL UNAS PUTAS	\N	8	TECNICO	t	16
8	45368708	MELENDEZ	GATICA	PEDRO	JR. LOS MANGUALES 245	965845632	8	JEFE	t	17
\.


--
-- TOC entry 2459 (class 0 OID 17893)
-- Dependencies: 229
-- Data for Name: r_cluster; Type: TABLE DATA; Schema: public; Owner: postgres
--

COPY r_cluster (id_cluster, name, base_port, sockets_buffer_size, sockets_flush_interval, sockets_compressed, dynamic_cluster) FROM stdin;
\.


--
-- TOC entry 2461 (class 0 OID 17911)
-- Dependencies: 233
-- Data for Name: r_cluster_slave; Type: TABLE DATA; Schema: public; Owner: postgres
--

COPY r_cluster_slave (id_cluster_slave, id_cluster, id_slave) FROM stdin;
\.


--
-- TOC entry 2466 (class 0 OID 17938)
-- Dependencies: 242
-- Data for Name: r_condition; Type: TABLE DATA; Schema: public; Owner: postgres
--

COPY r_condition (id_condition, id_condition_parent, negated, operator, left_name, condition_function, right_name, id_value_right) FROM stdin;
\.


--
-- TOC entry 2449 (class 0 OID 17808)
-- Dependencies: 209
-- Data for Name: r_database; Type: TABLE DATA; Schema: public; Owner: postgres
--

COPY r_database (id_database, name, id_database_type, id_database_contype, host_name, database_name, port, username, password, servername, data_tbs, index_tbs) FROM stdin;
1	efix_carga_data	39	1	localhost	efix	5432	postgres	Encrypted 2be98afc86aa7f2e4cb79ce108fc0fc8e	\N	\N	\N
\.


--
-- TOC entry 2450 (class 0 OID 17817)
-- Dependencies: 211
-- Data for Name: r_database_attribute; Type: TABLE DATA; Schema: public; Owner: postgres
--

COPY r_database_attribute (id_database_attribute, id_database, code, value_str) FROM stdin;
1	1	USE_POOLING	N
2	1	PRESERVE_RESERVED_WORD_CASE	N
3	1	IS_CLUSTERED	N
4	1	SUPPORTS_TIMESTAMP_DATA_TYPE	Y
5	1	SUPPORTS_BOOLEAN_DATA_TYPE	Y
6	1	PORT_NUMBER	5432
7	1	FORCE_IDENTIFIERS_TO_UPPERCASE	N
8	1	FORCE_IDENTIFIERS_TO_LOWERCASE	N
9	1	PREFERRED_SCHEMA_NAME	\N
10	1	SQL_CONNECT	\N
11	1	QUOTE_ALL_FIELDS	N
\.


--
-- TOC entry 2447 (class 0 OID 17790)
-- Dependencies: 205
-- Data for Name: r_database_contype; Type: TABLE DATA; Schema: public; Owner: postgres
--

COPY r_database_contype (id_database_contype, code, description) FROM stdin;
1	Native	Native (JDBC)
2	ODBC	ODBC
3	OCI	OCI
4	Plugin	Plugin specific access method
5	, 	JNDI
\.


--
-- TOC entry 2446 (class 0 OID 17781)
-- Dependencies: 203
-- Data for Name: r_database_type; Type: TABLE DATA; Schema: public; Owner: postgres
--

COPY r_database_type (id_database_type, code, description) FROM stdin;
1	DERBY	Apache Derby
2	AS/400	AS/400
3	INTERBASE	Borland Interbase
4	INFINIDB	Calpont InfiniDB
5	DBASE	dBase III, IV or 5
6	EXASOL4	Exasol 4
7	EXTENDB	ExtenDB
8	FIREBIRD	Firebird SQL
9	GENERIC	Generic database
10	GREENPLUM	Greenplum
11	SQLBASE	Gupta SQL Base
12	H2	H2
13	HIVE	Hadoop Hive
14	HIVE2	Hadoop Hive 2
15	HYPERSONIC	Hypersonic
16	DB2	IBM DB2
17	IMPALA	Impala
18	INFOBRIGHT	Infobright
19	INFORMIX	Informix
20	INGRES	Ingres
21	VECTORWISE	Ingres VectorWise
22	CACHE	Intersystems Cache
23	KettleThin	Kettle thin JDBC driver
24	KINGBASEES	KingbaseES
25	LucidDB	LucidDB
26	SAPDB	MaxDB (SAP DB)
27	MONETDB	MonetDB
28	MSACCESS	MS Access
29	MSSQL	MS SQL Server
30	MSSQLNATIVE	MS SQL Server (Native)
31	MYSQL	MySQL
32	MONDRIAN	Native Mondrian
33	NEOVIEW	Neoview
34	NETEZZA	Netezza
35	OpenERPDatabaseMeta	OpenERP Server
36	ORACLE	Oracle
37	ORACLERDB	Oracle RDB
38	PALO	Palo MOLAP Server
39	POSTGRESQL	PostgreSQL
40	REMEDY-AR-SYSTEM	Remedy Action Request System
41	SAPR3	SAP ERP System
42	SQLITE	SQLite
43	SYBASE	Sybase
44	SYBASEIQ	SybaseIQ
45	TERADATA	Teradata
46	UNIVERSE	UniVerse database
47	VERTICA	Vertica
48	VERTICA5	Vertica 5+
\.


--
-- TOC entry 2455 (class 0 OID 17863)
-- Dependencies: 221
-- Data for Name: r_dependency; Type: TABLE DATA; Schema: public; Owner: postgres
--

COPY r_dependency (id_dependency, id_transformation, id_database, table_name, field_name) FROM stdin;
\.


--
-- TOC entry 2451 (class 0 OID 17827)
-- Dependencies: 213
-- Data for Name: r_directory; Type: TABLE DATA; Schema: public; Owner: postgres
--

COPY r_directory (id_directory, id_directory_parent, directory_name) FROM stdin;
\.


--
-- TOC entry 2487 (class 0 OID 18103)
-- Dependencies: 280
-- Data for Name: r_element; Type: TABLE DATA; Schema: public; Owner: postgres
--

COPY r_element (id_element, id_element_type, name) FROM stdin;
\.


--
-- TOC entry 2488 (class 0 OID 18112)
-- Dependencies: 282
-- Data for Name: r_element_attribute; Type: TABLE DATA; Schema: public; Owner: postgres
--

COPY r_element_attribute (id_element_attribute, id_element, id_element_attribute_parent, attr_key, attr_value) FROM stdin;
\.


--
-- TOC entry 2486 (class 0 OID 18094)
-- Dependencies: 278
-- Data for Name: r_element_type; Type: TABLE DATA; Schema: public; Owner: postgres
--

COPY r_element_type (id_element_type, id_namespace, name, description) FROM stdin;
\.


--
-- TOC entry 2475 (class 0 OID 18010)
-- Dependencies: 258
-- Data for Name: r_job; Type: TABLE DATA; Schema: public; Owner: postgres
--

COPY r_job (id_job, id_directory, name, description, extended_description, job_version, job_status, id_database_log, table_name_log, created_user, created_date, modified_user, modified_date, use_batch_id, pass_batch_id, use_logfield, shared_file) FROM stdin;
1	0	job_efix	\N	\N	\N	0	-1	\N	-	2014-06-30 17:37:43.919	admin	2014-07-01 09:10:58.512	t	f	t	\N
\.


--
-- TOC entry 2454 (class 0 OID 17853)
-- Dependencies: 219
-- Data for Name: r_job_attribute; Type: TABLE DATA; Schema: public; Owner: postgres
--

COPY r_job_attribute (id_job_attribute, id_job, nr, code, value_num, value_str) FROM stdin;
85	1	0	JOB_ENTRY_LOG_TABLE_FIELD_NAME3	0	TRANSNAME
86	1	0	JOB_ENTRY_LOG_TABLE_FIELD_ENABLED3	0	Y
87	1	0	JOB_ENTRY_LOG_TABLE_FIELD_ID4	0	JOBENTRYNAME
88	1	0	JOB_ENTRY_LOG_TABLE_FIELD_NAME4	0	STEPNAME
89	1	0	JOB_ENTRY_LOG_TABLE_FIELD_ENABLED4	0	Y
90	1	0	JOB_ENTRY_LOG_TABLE_FIELD_ID5	0	LINES_READ
91	1	0	JOB_ENTRY_LOG_TABLE_FIELD_NAME5	0	LINES_READ
92	1	0	JOB_ENTRY_LOG_TABLE_FIELD_ENABLED5	0	Y
93	1	0	JOB_ENTRY_LOG_TABLE_FIELD_ID6	0	LINES_WRITTEN
94	1	0	JOB_ENTRY_LOG_TABLE_FIELD_NAME6	0	LINES_WRITTEN
95	1	0	JOB_ENTRY_LOG_TABLE_FIELD_ENABLED6	0	Y
96	1	0	JOB_ENTRY_LOG_TABLE_FIELD_ID7	0	LINES_UPDATED
97	1	0	JOB_ENTRY_LOG_TABLE_FIELD_NAME7	0	LINES_UPDATED
98	1	0	JOB_ENTRY_LOG_TABLE_FIELD_ENABLED7	0	Y
99	1	0	JOB_ENTRY_LOG_TABLE_FIELD_ID8	0	LINES_INPUT
100	1	0	JOB_ENTRY_LOG_TABLE_FIELD_NAME8	0	LINES_INPUT
101	1	0	JOB_ENTRY_LOG_TABLE_FIELD_ENABLED8	0	Y
102	1	0	JOB_ENTRY_LOG_TABLE_FIELD_ID9	0	LINES_OUTPUT
103	1	0	JOB_ENTRY_LOG_TABLE_FIELD_NAME9	0	LINES_OUTPUT
104	1	0	JOB_ENTRY_LOG_TABLE_FIELD_ENABLED9	0	Y
105	1	0	JOB_ENTRY_LOG_TABLE_FIELD_ID10	0	LINES_REJECTED
106	1	0	JOB_ENTRY_LOG_TABLE_FIELD_NAME10	0	LINES_REJECTED
107	1	0	JOB_ENTRY_LOG_TABLE_FIELD_ENABLED10	0	Y
108	1	0	JOB_ENTRY_LOG_TABLE_FIELD_ID11	0	ERRORS
109	1	0	JOB_ENTRY_LOG_TABLE_FIELD_NAME11	0	ERRORS
110	1	0	JOB_ENTRY_LOG_TABLE_FIELD_ENABLED11	0	Y
111	1	0	JOB_ENTRY_LOG_TABLE_FIELD_ID12	0	RESULT
112	1	0	JOB_ENTRY_LOG_TABLE_FIELD_NAME12	0	RESULT
113	1	0	JOB_ENTRY_LOG_TABLE_FIELD_ENABLED12	0	Y
114	1	0	JOB_ENTRY_LOG_TABLE_FIELD_ID13	0	NR_RESULT_ROWS
115	1	0	JOB_ENTRY_LOG_TABLE_FIELD_NAME13	0	NR_RESULT_ROWS
116	1	0	JOB_ENTRY_LOG_TABLE_FIELD_ENABLED13	0	Y
117	1	0	JOB_ENTRY_LOG_TABLE_FIELD_ID14	0	NR_RESULT_FILES
118	1	0	JOB_ENTRY_LOG_TABLE_FIELD_NAME14	0	NR_RESULT_FILES
119	1	0	JOB_ENTRY_LOG_TABLE_FIELD_ENABLED14	0	Y
120	1	0	JOB_ENTRY_LOG_TABLE_FIELD_ID15	0	LOG_FIELD
121	1	0	JOB_ENTRY_LOG_TABLE_FIELD_NAME15	0	LOG_FIELD
122	1	0	JOB_ENTRY_LOG_TABLE_FIELD_ENABLED15	0	N
123	1	0	JOB_ENTRY_LOG_TABLE_FIELD_ID16	0	COPY_NR
124	1	0	JOB_ENTRY_LOG_TABLE_FIELD_NAME16	0	COPY_NR
125	1	0	JOB_ENTRY_LOG_TABLE_FIELD_ENABLED16	0	N
126	1	0	CHANNEL_LOG_TABLE_CONNECTION_NAME	0	\N
127	1	0	CHANNEL_LOG_TABLE_SCHEMA_NAME	0	\N
128	1	0	CHANNEL_LOG_TABLE_TABLE_NAME	0	\N
129	1	0	CHANNEL_LOG_TABLE_TIMEOUT_IN_DAYS	0	\N
130	1	0	CHANNEL_LOG_TABLE_FIELD_ID0	0	ID_BATCH
131	1	0	CHANNEL_LOG_TABLE_FIELD_NAME0	0	ID_BATCH
132	1	0	CHANNEL_LOG_TABLE_FIELD_ENABLED0	0	Y
133	1	0	CHANNEL_LOG_TABLE_FIELD_ID1	0	CHANNEL_ID
134	1	0	CHANNEL_LOG_TABLE_FIELD_NAME1	0	CHANNEL_ID
135	1	0	CHANNEL_LOG_TABLE_FIELD_ENABLED1	0	Y
136	1	0	CHANNEL_LOG_TABLE_FIELD_ID2	0	LOG_DATE
137	1	0	CHANNEL_LOG_TABLE_FIELD_NAME2	0	LOG_DATE
138	1	0	CHANNEL_LOG_TABLE_FIELD_ENABLED2	0	Y
139	1	0	CHANNEL_LOG_TABLE_FIELD_ID3	0	LOGGING_OBJECT_TYPE
140	1	0	CHANNEL_LOG_TABLE_FIELD_NAME3	0	LOGGING_OBJECT_TYPE
141	1	0	CHANNEL_LOG_TABLE_FIELD_ENABLED3	0	Y
142	1	0	CHANNEL_LOG_TABLE_FIELD_ID4	0	OBJECT_NAME
143	1	0	CHANNEL_LOG_TABLE_FIELD_NAME4	0	OBJECT_NAME
144	1	0	CHANNEL_LOG_TABLE_FIELD_ENABLED4	0	Y
145	1	0	CHANNEL_LOG_TABLE_FIELD_ID5	0	OBJECT_COPY
146	1	0	CHANNEL_LOG_TABLE_FIELD_NAME5	0	OBJECT_COPY
147	1	0	CHANNEL_LOG_TABLE_FIELD_ENABLED5	0	Y
148	1	0	CHANNEL_LOG_TABLE_FIELD_ID6	0	REPOSITORY_DIRECTORY
149	1	0	CHANNEL_LOG_TABLE_FIELD_NAME6	0	REPOSITORY_DIRECTORY
150	1	0	CHANNEL_LOG_TABLE_FIELD_ENABLED6	0	Y
151	1	0	CHANNEL_LOG_TABLE_FIELD_ID7	0	FILENAME
152	1	0	CHANNEL_LOG_TABLE_FIELD_NAME7	0	FILENAME
153	1	0	CHANNEL_LOG_TABLE_FIELD_ENABLED7	0	Y
154	1	0	CHANNEL_LOG_TABLE_FIELD_ID8	0	OBJECT_ID
155	1	0	CHANNEL_LOG_TABLE_FIELD_NAME8	0	OBJECT_ID
156	1	0	CHANNEL_LOG_TABLE_FIELD_ENABLED8	0	Y
157	1	0	CHANNEL_LOG_TABLE_FIELD_ID9	0	OBJECT_REVISION
158	1	0	CHANNEL_LOG_TABLE_FIELD_NAME9	0	OBJECT_REVISION
159	1	0	CHANNEL_LOG_TABLE_FIELD_ENABLED9	0	Y
160	1	0	CHANNEL_LOG_TABLE_FIELD_ID10	0	PARENT_CHANNEL_ID
161	1	0	CHANNEL_LOG_TABLE_FIELD_NAME10	0	PARENT_CHANNEL_ID
162	1	0	CHANNEL_LOG_TABLE_FIELD_ENABLED10	0	Y
163	1	0	CHANNEL_LOG_TABLE_FIELD_ID11	0	ROOT_CHANNEL_ID
164	1	0	CHANNEL_LOG_TABLE_FIELD_NAME11	0	ROOT_CHANNEL_ID
165	1	0	CHANNEL_LOG_TABLE_FIELD_ENABLED11	0	Y
1	1	0	LOG_SIZE_LIMIT	0	\N
2	1	0	JOB_LOG_TABLE_CONNECTION_NAME	0	\N
3	1	0	JOB_LOG_TABLE_SCHEMA_NAME	0	\N
4	1	0	JOB_LOG_TABLE_TABLE_NAME	0	\N
5	1	0	JOB_LOG_TABLE_TIMEOUT_IN_DAYS	0	\N
6	1	0	JOB_LOG_TABLE_FIELD_ID0	0	ID_JOB
7	1	0	JOB_LOG_TABLE_FIELD_NAME0	0	ID_JOB
8	1	0	JOB_LOG_TABLE_FIELD_ENABLED0	0	Y
9	1	0	JOB_LOG_TABLE_FIELD_ID1	0	CHANNEL_ID
10	1	0	JOB_LOG_TABLE_FIELD_NAME1	0	CHANNEL_ID
11	1	0	JOB_LOG_TABLE_FIELD_ENABLED1	0	Y
12	1	0	JOB_LOG_TABLE_FIELD_ID2	0	JOBNAME
13	1	0	JOB_LOG_TABLE_FIELD_NAME2	0	JOBNAME
14	1	0	JOB_LOG_TABLE_FIELD_ENABLED2	0	Y
15	1	0	JOB_LOG_TABLE_FIELD_ID3	0	STATUS
16	1	0	JOB_LOG_TABLE_FIELD_NAME3	0	STATUS
17	1	0	JOB_LOG_TABLE_FIELD_ENABLED3	0	Y
18	1	0	JOB_LOG_TABLE_FIELD_ID4	0	LINES_READ
19	1	0	JOB_LOG_TABLE_FIELD_NAME4	0	LINES_READ
20	1	0	JOB_LOG_TABLE_FIELD_ENABLED4	0	Y
21	1	0	JOB_LOG_TABLE_FIELD_ID5	0	LINES_WRITTEN
22	1	0	JOB_LOG_TABLE_FIELD_NAME5	0	LINES_WRITTEN
23	1	0	JOB_LOG_TABLE_FIELD_ENABLED5	0	Y
24	1	0	JOB_LOG_TABLE_FIELD_ID6	0	LINES_UPDATED
25	1	0	JOB_LOG_TABLE_FIELD_NAME6	0	LINES_UPDATED
26	1	0	JOB_LOG_TABLE_FIELD_ENABLED6	0	Y
27	1	0	JOB_LOG_TABLE_FIELD_ID7	0	LINES_INPUT
28	1	0	JOB_LOG_TABLE_FIELD_NAME7	0	LINES_INPUT
29	1	0	JOB_LOG_TABLE_FIELD_ENABLED7	0	Y
30	1	0	JOB_LOG_TABLE_FIELD_ID8	0	LINES_OUTPUT
31	1	0	JOB_LOG_TABLE_FIELD_NAME8	0	LINES_OUTPUT
32	1	0	JOB_LOG_TABLE_FIELD_ENABLED8	0	Y
33	1	0	JOB_LOG_TABLE_FIELD_ID9	0	LINES_REJECTED
34	1	0	JOB_LOG_TABLE_FIELD_NAME9	0	LINES_REJECTED
35	1	0	JOB_LOG_TABLE_FIELD_ENABLED9	0	Y
36	1	0	JOB_LOG_TABLE_FIELD_ID10	0	ERRORS
37	1	0	JOB_LOG_TABLE_FIELD_NAME10	0	ERRORS
38	1	0	JOB_LOG_TABLE_FIELD_ENABLED10	0	Y
39	1	0	JOB_LOG_TABLE_FIELD_ID11	0	STARTDATE
40	1	0	JOB_LOG_TABLE_FIELD_NAME11	0	STARTDATE
41	1	0	JOB_LOG_TABLE_FIELD_ENABLED11	0	Y
42	1	0	JOB_LOG_TABLE_FIELD_ID12	0	ENDDATE
43	1	0	JOB_LOG_TABLE_FIELD_NAME12	0	ENDDATE
44	1	0	JOB_LOG_TABLE_FIELD_ENABLED12	0	Y
45	1	0	JOB_LOG_TABLE_FIELD_ID13	0	LOGDATE
46	1	0	JOB_LOG_TABLE_FIELD_NAME13	0	LOGDATE
47	1	0	JOB_LOG_TABLE_FIELD_ENABLED13	0	Y
48	1	0	JOB_LOG_TABLE_FIELD_ID14	0	DEPDATE
49	1	0	JOB_LOG_TABLE_FIELD_NAME14	0	DEPDATE
50	1	0	JOB_LOG_TABLE_FIELD_ENABLED14	0	Y
51	1	0	JOB_LOG_TABLE_FIELD_ID15	0	REPLAYDATE
52	1	0	JOB_LOG_TABLE_FIELD_NAME15	0	REPLAYDATE
53	1	0	JOB_LOG_TABLE_FIELD_ENABLED15	0	Y
54	1	0	JOB_LOG_TABLE_FIELD_ID16	0	LOG_FIELD
55	1	0	JOB_LOG_TABLE_FIELD_NAME16	0	LOG_FIELD
56	1	0	JOB_LOG_TABLE_FIELD_ENABLED16	0	Y
57	1	0	JOB_LOG_TABLE_FIELD_ID17	0	EXECUTING_SERVER
58	1	0	JOB_LOG_TABLE_FIELD_NAME17	0	EXECUTING_SERVER
59	1	0	JOB_LOG_TABLE_FIELD_ENABLED17	0	N
60	1	0	JOB_LOG_TABLE_FIELD_ID18	0	EXECUTING_USER
61	1	0	JOB_LOG_TABLE_FIELD_NAME18	0	EXECUTING_USER
62	1	0	JOB_LOG_TABLE_FIELD_ENABLED18	0	N
63	1	0	JOB_LOG_TABLE_FIELD_ID19	0	START_JOB_ENTRY
64	1	0	JOB_LOG_TABLE_FIELD_NAME19	0	START_JOB_ENTRY
65	1	0	JOB_LOG_TABLE_FIELD_ENABLED19	0	N
66	1	0	JOB_LOG_TABLE_FIELD_ID20	0	CLIENT
67	1	0	JOB_LOG_TABLE_FIELD_NAME20	0	CLIENT
68	1	0	JOB_LOG_TABLE_FIELD_ENABLED20	0	N
69	1	0	JOBLOG_TABLE_INTERVAL	0	\N
70	1	0	JOBLOG_TABLE_SIZE_LIMIT	0	\N
71	1	0	JOB_ENTRY_LOG_TABLE_CONNECTION_NAME	0	\N
72	1	0	JOB_ENTRY_LOG_TABLE_SCHEMA_NAME	0	\N
73	1	0	JOB_ENTRY_LOG_TABLE_TABLE_NAME	0	\N
74	1	0	JOB_ENTRY_LOG_TABLE_TIMEOUT_IN_DAYS	0	\N
75	1	0	JOB_ENTRY_LOG_TABLE_FIELD_ID0	0	ID_BATCH
76	1	0	JOB_ENTRY_LOG_TABLE_FIELD_NAME0	0	ID_BATCH
77	1	0	JOB_ENTRY_LOG_TABLE_FIELD_ENABLED0	0	Y
78	1	0	JOB_ENTRY_LOG_TABLE_FIELD_ID1	0	CHANNEL_ID
79	1	0	JOB_ENTRY_LOG_TABLE_FIELD_NAME1	0	CHANNEL_ID
80	1	0	JOB_ENTRY_LOG_TABLE_FIELD_ENABLED1	0	Y
81	1	0	JOB_ENTRY_LOG_TABLE_FIELD_ID2	0	LOG_DATE
82	1	0	JOB_ENTRY_LOG_TABLE_FIELD_NAME2	0	LOG_DATE
83	1	0	JOB_ENTRY_LOG_TABLE_FIELD_ENABLED2	0	Y
84	1	0	JOB_ENTRY_LOG_TABLE_FIELD_ID3	0	JOBNAME
\.


--
-- TOC entry 2481 (class 0 OID 18058)
-- Dependencies: 269
-- Data for Name: r_job_hop; Type: TABLE DATA; Schema: public; Owner: postgres
--

COPY r_job_hop (id_job_hop, id_job, id_jobentry_copy_from, id_jobentry_copy_to, enabled, evaluation, unconditional) FROM stdin;
1	1	1	2	t	t	t
2	1	2	3	t	t	f
3	1	3	4	t	t	f
4	1	4	5	t	t	f
5	1	5	6	t	t	f
6	1	6	7	t	t	f
7	1	7	8	t	t	f
8	1	8	9	t	t	f
9	1	9	10	t	t	f
\.


--
-- TOC entry 2484 (class 0 OID 18076)
-- Dependencies: 274
-- Data for Name: r_job_lock; Type: TABLE DATA; Schema: public; Owner: postgres
--

COPY r_job_lock (id_job_lock, id_job, id_user, lock_message, lock_date) FROM stdin;
\.


--
-- TOC entry 2482 (class 0 OID 18062)
-- Dependencies: 270
-- Data for Name: r_job_note; Type: TABLE DATA; Schema: public; Owner: postgres
--

COPY r_job_note (id_job, id_note) FROM stdin;
\.


--
-- TOC entry 2478 (class 0 OID 18033)
-- Dependencies: 263
-- Data for Name: r_jobentry; Type: TABLE DATA; Schema: public; Owner: postgres
--

COPY r_jobentry (id_jobentry, id_job, id_jobentry_type, name, description) FROM stdin;
1	1	66	START	\N
2	1	67	SQL	\N
3	1	76	ambiente_dimension	\N
4	1	76	etl_tiempo	\N
5	1	76	incidencias_dimension	\N
6	1	76	patrimonio_dimension	\N
7	1	76	personal_dimension	\N
8	1	76	averias_th	\N
9	1	72	Success	\N
10	1	85	Write To Log	\N
\.


--
-- TOC entry 2480 (class 0 OID 18048)
-- Dependencies: 267
-- Data for Name: r_jobentry_attribute; Type: TABLE DATA; Schema: public; Owner: postgres
--

COPY r_jobentry_attribute (id_jobentry_attribute, id_job, id_jobentry, nr, code, value_num, value_str) FROM stdin;
107	1	6	0	slave_server_name	0.00	\N
108	1	6	0	set_append_logfile	0.00	N
109	1	6	0	wait_until_finished	0.00	Y
110	1	6	0	follow_abort_remote	0.00	N
111	1	6	0	create_parent_folder	0.00	N
112	1	6	0	logging_remote_work	0.00	N
113	1	6	0	pass_all_parameters	0.00	Y
114	1	7	0	specification_method	0.00	rep_ref
115	1	7	0	trans_object_id	0.00	4
116	1	7	0	name	0.00	\N
117	1	7	0	dir_path	0.00	\N
118	1	7	0	file_name	0.00	\N
119	1	7	0	arg_from_previous	0.00	N
120	1	7	0	params_from_previous	0.00	N
121	1	7	0	exec_per_row	0.00	N
122	1	7	0	clear_rows	0.00	N
123	1	7	0	clear_files	0.00	N
124	1	7	0	set_logfile	0.00	N
125	1	7	0	add_date	0.00	N
126	1	7	0	add_time	0.00	N
127	1	7	0	logfile	0.00	\N
128	1	7	0	logext	0.00	\N
129	1	7	0	loglevel	0.00	Basic
130	1	7	0	cluster	0.00	N
131	1	7	0	slave_server_name	0.00	\N
132	1	7	0	set_append_logfile	0.00	N
133	1	7	0	wait_until_finished	0.00	Y
134	1	7	0	follow_abort_remote	0.00	N
135	1	7	0	create_parent_folder	0.00	N
136	1	7	0	logging_remote_work	0.00	N
137	1	7	0	pass_all_parameters	0.00	Y
138	1	8	0	specification_method	0.00	rep_ref
139	1	8	0	trans_object_id	0.00	5
140	1	8	0	name	0.00	\N
141	1	8	0	dir_path	0.00	\N
142	1	8	0	file_name	0.00	\N
143	1	8	0	arg_from_previous	0.00	N
144	1	8	0	params_from_previous	0.00	N
145	1	8	0	exec_per_row	0.00	N
146	1	8	0	clear_rows	0.00	N
147	1	8	0	clear_files	0.00	N
148	1	8	0	set_logfile	0.00	N
149	1	8	0	add_date	0.00	N
150	1	8	0	add_time	0.00	N
151	1	8	0	logfile	0.00	\N
152	1	8	0	logext	0.00	\N
153	1	8	0	loglevel	0.00	Basic
154	1	8	0	cluster	0.00	N
155	1	8	0	slave_server_name	0.00	\N
156	1	8	0	set_append_logfile	0.00	N
157	1	8	0	wait_until_finished	0.00	Y
158	1	8	0	follow_abort_remote	0.00	N
159	1	8	0	create_parent_folder	0.00	N
160	1	8	0	logging_remote_work	0.00	N
161	1	8	0	pass_all_parameters	0.00	Y
162	1	10	0	logmessage	0.00	se hizo la carga y y tranformacion de datos exitosamente\r\n
163	1	10	0	loglevel	0.00	Basic
164	1	10	0	logsubject	0.00	\N
1	1	1	0	start	0.00	Y
2	1	1	0	dummy	0.00	N
3	1	1	0	repeat	0.00	N
4	1	1	0	schedulerType	0.00	\N
5	1	1	0	intervalSeconds	0.00	\N
6	1	1	0	intervalMinutes	60.00	\N
7	1	1	0	hour	12.00	\N
8	1	1	0	minutes	0.00	\N
9	1	1	0	weekDay	1.00	\N
10	1	1	0	dayOfMonth	1.00	\N
11	1	2	0	id_database	1.00	\N
12	1	2	0	connection	1.00	\N
13	1	2	0	sql	0.00	DELETE from bi_efix.averias_th;\r\nDELETE from bi_efix.etl_ambiente;\r\nDELETE from bi_efix.etl_incidencias;\r\nDELETE from bi_efix.etl_patrimonio;\r\nDELETE from bi_efix.etl_personal;\r\nDELETE from bi_efix.etl_tiempo;
14	1	2	0	useVariableSubstitution	0.00	F
15	1	2	0	sqlfromfile	0.00	F
16	1	2	0	sqlfilename	0.00	\N
17	1	2	0	sendOneStatement	0.00	F
18	1	3	0	specification_method	0.00	rep_name
19	1	3	0	trans_object_id	0.00	\N
20	1	3	0	name	0.00	ambiente_dimension
21	1	3	0	dir_path	0.00	/
22	1	3	0	file_name	0.00	\N
23	1	3	0	arg_from_previous	0.00	N
24	1	3	0	params_from_previous	0.00	N
25	1	3	0	exec_per_row	0.00	N
26	1	3	0	clear_rows	0.00	N
27	1	3	0	clear_files	0.00	N
28	1	3	0	set_logfile	0.00	N
29	1	3	0	add_date	0.00	N
30	1	3	0	add_time	0.00	N
31	1	3	0	logfile	0.00	\N
32	1	3	0	logext	0.00	\N
33	1	3	0	loglevel	0.00	Basic
34	1	3	0	cluster	0.00	N
35	1	3	0	slave_server_name	0.00	\N
36	1	3	0	set_append_logfile	0.00	N
37	1	3	0	wait_until_finished	0.00	Y
38	1	3	0	follow_abort_remote	0.00	N
39	1	3	0	create_parent_folder	0.00	N
40	1	3	0	logging_remote_work	0.00	N
41	1	3	0	pass_all_parameters	0.00	Y
42	1	4	0	specification_method	0.00	rep_name
43	1	4	0	trans_object_id	0.00	\N
44	1	4	0	name	0.00	etl_tiempo
45	1	4	0	dir_path	0.00	/
46	1	4	0	file_name	0.00	\N
47	1	4	0	arg_from_previous	0.00	N
48	1	4	0	params_from_previous	0.00	N
49	1	4	0	exec_per_row	0.00	N
50	1	4	0	clear_rows	0.00	N
51	1	4	0	clear_files	0.00	N
52	1	4	0	set_logfile	0.00	N
53	1	4	0	add_date	0.00	N
54	1	4	0	add_time	0.00	N
55	1	4	0	logfile	0.00	\N
56	1	4	0	logext	0.00	\N
57	1	4	0	loglevel	0.00	Basic
58	1	4	0	cluster	0.00	N
59	1	4	0	slave_server_name	0.00	\N
60	1	4	0	set_append_logfile	0.00	N
61	1	4	0	wait_until_finished	0.00	Y
62	1	4	0	follow_abort_remote	0.00	N
63	1	4	0	create_parent_folder	0.00	N
64	1	4	0	logging_remote_work	0.00	N
65	1	4	0	pass_all_parameters	0.00	Y
66	1	5	0	specification_method	0.00	rep_name
67	1	5	0	trans_object_id	0.00	\N
68	1	5	0	name	0.00	incidencias_dimension
69	1	5	0	dir_path	0.00	/
70	1	5	0	file_name	0.00	\N
71	1	5	0	arg_from_previous	0.00	N
72	1	5	0	params_from_previous	0.00	N
73	1	5	0	exec_per_row	0.00	N
74	1	5	0	clear_rows	0.00	N
75	1	5	0	clear_files	0.00	N
76	1	5	0	set_logfile	0.00	N
77	1	5	0	add_date	0.00	N
78	1	5	0	add_time	0.00	N
79	1	5	0	logfile	0.00	\N
80	1	5	0	logext	0.00	\N
81	1	5	0	loglevel	0.00	Basic
82	1	5	0	cluster	0.00	N
83	1	5	0	slave_server_name	0.00	\N
84	1	5	0	set_append_logfile	0.00	N
85	1	5	0	wait_until_finished	0.00	Y
86	1	5	0	follow_abort_remote	0.00	N
87	1	5	0	create_parent_folder	0.00	N
88	1	5	0	logging_remote_work	0.00	N
89	1	5	0	pass_all_parameters	0.00	Y
90	1	6	0	specification_method	0.00	rep_name
91	1	6	0	trans_object_id	0.00	\N
92	1	6	0	name	0.00	patrimonio_dimension
93	1	6	0	dir_path	0.00	/
94	1	6	0	file_name	0.00	\N
95	1	6	0	arg_from_previous	0.00	N
96	1	6	0	params_from_previous	0.00	N
97	1	6	0	exec_per_row	0.00	N
98	1	6	0	clear_rows	0.00	N
99	1	6	0	clear_files	0.00	N
100	1	6	0	set_logfile	0.00	N
101	1	6	0	add_date	0.00	N
102	1	6	0	add_time	0.00	N
103	1	6	0	logfile	0.00	\N
104	1	6	0	logext	0.00	\N
105	1	6	0	loglevel	0.00	Basic
106	1	6	0	cluster	0.00	N
\.


--
-- TOC entry 2479 (class 0 OID 18042)
-- Dependencies: 265
-- Data for Name: r_jobentry_copy; Type: TABLE DATA; Schema: public; Owner: postgres
--

COPY r_jobentry_copy (id_jobentry_copy, id_jobentry, id_job, id_jobentry_type, nr, gui_location_x, gui_location_y, gui_draw, parallel) FROM stdin;
1	1	1	66	0	132	135	t	f
2	2	1	67	0	255	156	t	f
3	3	1	76	0	412	199	t	f
4	4	1	76	0	559	222	t	f
5	5	1	76	0	680	217	t	f
6	6	1	76	0	816	220	t	f
7	7	1	76	0	955	222	t	f
8	8	1	76	0	1077	211	t	f
9	9	1	72	0	1216	183	t	f
10	10	1	85	0	1293	177	t	f
\.


--
-- TOC entry 2476 (class 0 OID 18017)
-- Dependencies: 259
-- Data for Name: r_jobentry_database; Type: TABLE DATA; Schema: public; Owner: postgres
--

COPY r_jobentry_database (id_job, id_jobentry, id_database) FROM stdin;
1	2	1
\.


--
-- TOC entry 2477 (class 0 OID 18024)
-- Dependencies: 261
-- Data for Name: r_jobentry_type; Type: TABLE DATA; Schema: public; Owner: postgres
--

COPY r_jobentry_type (id_jobentry_type, code, description) FROM stdin;
1	ABORT	Abort job
2	ADD_RESULT_FILENAMES	Add filenames to result
3	EMRJobExecutorPlugin	Amazon EMR Job Executor
4	HiveJobExecutorPlugin	Amazon Hive Job Executor
5	MYSQL_BULK_FILE	BulkLoad from Mysql into file
6	MSSQL_BULK_LOAD	BulkLoad into MSSQL
7	MYSQL_BULK_LOAD	BulkLoad into Mysql
8	CHECK_DB_CONNECTIONS	Check Db connections
9	CHECK_FILES_LOCKED	Check files locked
10	FOLDER_IS_EMPTY	Check if a folder is empty
11	CONNECTED_TO_REPOSITORY	Check if connected to repository
12	XML_WELL_FORMED	Check if XML file is well formed
13	WEBSERVICE_AVAILABLE	Check webservice availability
14	FILES_EXIST	Checks if files exist
15	COLUMNS_EXIST	Columns exist in a table
16	FOLDERS_COMPARE	Compare folders
17	DOS_UNIX_CONVERTER	Convert file between Windows and Unix
18	COPY_FILES	Copy Files
19	CREATE_FOLDER	Create a folder
20	CREATE_FILE	Create file
21	PGP_DECRYPT_FILES	Decrypt files with PGP
22	DELETE_FILE	Delete file
23	DELETE_RESULT_FILENAMES	Delete filenames from result
24	DELETE_FILES	Delete files
25	DELETE_FOLDERS	Delete folders
26	MSGBOX_INFO	Display Msgbox Info
27	DTD_VALIDATOR	DTD Validator
28	PGP_ENCRYPT_FILES	Encrypt files with PGP
29	EVAL_FILES_METRICS	Evaluate files metrics
30	EVAL_TABLE_CONTENT	Evaluate rows number in a table
31	DummyJob	Example plugin
32	EXPORT_REPOSITORY	Export repository to XML file
33	FILE_COMPARE	File Compare
34	FILE_EXISTS	File Exists
35	FTP_DELETE	FTP Delete
36	FTP	Get a file with FTP
37	FTPS_GET	Get a file with FTPS
38	SFTP	Get a file with SFTP
39	GET_POP	Get mails (POP3/IMAP)
40	HadoopCopyFilesPlugin	Hadoop Copy Files
41	HadoopJobExecutorPlugin	Hadoop Job Executor
42	HL7MLLPAcknowledge	HL7 MLLP Acknowledge
43	HL7MLLPInput	HL7 MLLP Input
44	HTTP	HTTP
45	EVAL	JavaScript
46	JOB	Job
47	MAIL	Mail
48	MAIL_VALIDATOR	Mail validator
49	MOVE_FILES	Move Files
50	MS_ACCESS_BULK_LOAD	MS Access Bulk Load
51	OozieJobExecutor	Oozie Job Executor
52	PALO_CUBE_CREATE	Palo Cube Create
53	PALO_CUBE_DELETE	Palo Cube Delete
54	HadoopTransJobExecutorPlugin	Pentaho MapReduce
55	HadoopPigScriptExecutorPlugin	Pig Script Executor
56	PING	Ping a host
57	COPY_MOVE_RESULT_FILENAMES	Process result filenames
58	FTP_PUT	Put a file with FTP
59	SFTPPUT	Put a file with SFTP
60	SYSLOG	Send information using Syslog
61	SEND_NAGIOS_PASSIVE_CHECK	Send Nagios passive check
62	SNMP_TRAP	Send SNMP trap
63	SET_VARIABLES	Set variables
64	SHELL	Shell
65	SIMPLE_EVAL	Simple evaluation
66	SPECIAL	Special entries
67	SQL	SQL
68	SqoopExport	Sqoop Export
69	SqoopImport	Sqoop Import
70	SSH2_GET	SSH2 Get
71	SSH2_PUT	SSH2 Put
72	SUCCESS	Success
73	TABLE_EXISTS	Table exists
74	TALEND_JOB_EXEC	Talend Job Execution
75	TELNET	Telnet a host
76	TRANS	Transformation
77	TRUNCATE_TABLES	Truncate tables
78	UNZIP	Unzip file
79	FTPS_PUT	Upload files to FTPS
80	PGP_VERIFY_FILES	Verify file signature with PGP
81	DELAY	Wait for
82	WAIT_FOR_FILE	Wait for file
83	WAIT_FOR_SQL	Wait for SQL
84	WRITE_TO_FILE	Write to file
85	WRITE_TO_LOG	Write To Log
86	XSD_VALIDATOR	XSD Validator
87	XSLT	XSL Transformation
88	ZIP_FILE	Zip file
\.


--
-- TOC entry 2474 (class 0 OID 18001)
-- Dependencies: 256
-- Data for Name: r_log; Type: TABLE DATA; Schema: public; Owner: postgres
--

COPY r_log (id_log, name, id_loglevel, logtype, filename, fileextention, add_date, add_time, id_database_log, table_name_log) FROM stdin;
\.


--
-- TOC entry 2473 (class 0 OID 17992)
-- Dependencies: 254
-- Data for Name: r_loglevel; Type: TABLE DATA; Schema: public; Owner: postgres
--

COPY r_loglevel (id_loglevel, code, description) FROM stdin;
1	Error	Error logging only
2	Minimal	Minimal logging
3	Basic	Basic logging
4	Detailed	Detailed logging
5	Debug	Debugging
6	Rowlevel	Rowlevel (very detailed)
\.


--
-- TOC entry 2485 (class 0 OID 18085)
-- Dependencies: 276
-- Data for Name: r_namespace; Type: TABLE DATA; Schema: public; Owner: postgres
--

COPY r_namespace (id_namespace, name) FROM stdin;
\.


--
-- TOC entry 2448 (class 0 OID 17799)
-- Dependencies: 207
-- Data for Name: r_note; Type: TABLE DATA; Schema: public; Owner: postgres
--

COPY r_note (id_note, value_str, gui_location_x, gui_location_y, gui_location_width, gui_location_height, font_name, font_size, font_bold, font_italic, font_color_red, font_color_green, font_color_blue, font_back_ground_color_red, font_back_ground_color_green, font_back_ground_color_blue, font_border_color_red, font_border_color_green, font_border_color_blue, draw_shadow) FROM stdin;
\.


--
-- TOC entry 2457 (class 0 OID 17881)
-- Dependencies: 225
-- Data for Name: r_partition; Type: TABLE DATA; Schema: public; Owner: postgres
--

COPY r_partition (id_partition, id_partition_schema, partition_id) FROM stdin;
\.


--
-- TOC entry 2456 (class 0 OID 17872)
-- Dependencies: 223
-- Data for Name: r_partition_schema; Type: TABLE DATA; Schema: public; Owner: postgres
--

COPY r_partition_schema (id_partition_schema, name, dynamic_definition, partitions_per_slave) FROM stdin;
\.


--
-- TOC entry 2444 (class 0 OID 17766)
-- Dependencies: 199
-- Data for Name: r_repository_log; Type: TABLE DATA; Schema: public; Owner: postgres
--

COPY r_repository_log (id_repository_log, rep_version, log_date, log_user, operation_desc) FROM stdin;
1	5.0	2014-06-30 11:04:50.894	admin	save transformation 'incidencias_dimension'
2	5.0	2014-06-30 11:05:22.205	admin	save transformation 'incidencias_dimension'
3	5.0	2014-06-30 11:08:27.86	admin	save transformation 'ambiente_dimension'
4	5.0	2014-06-30 11:12:55.777	admin	save transformation 'patrimonio_dimension'
5	5.0	2014-06-30 11:13:03.59	admin	save transformation 'patrimonio_dimension'
6	5.0	2014-06-30 11:16:32.365	admin	save transformation 'personal_dimension'
7	5.0	2014-06-30 11:16:38.717	admin	save transformation 'personal_dimension'
8	5.0	2014-06-30 13:35:18.594	admin	save transformation 'averias_th'
9	5.0	2014-06-30 14:15:32.983	admin	save transformation 'averias_th'
10	5.0	2014-06-30 15:56:30.439	admin	save transformation 'averias_th'
11	5.0	2014-06-30 15:56:50.049	admin	save transformation 'averias_th'
12	5.0	2014-06-30 16:38:48.724	admin	save transformation 'etl_tiempo'
13	5.0	2014-06-30 16:42:32.587	admin	save transformation 'etl_tiempo'
14	5.0	2014-06-30 16:43:35.721	admin	save transformation 'etl_tiempo'
15	5.0	2014-06-30 16:47:54.564	admin	save transformation 'averias_th'
16	5.0	2014-06-30 16:49:31.884	admin	save transformation 'averias_th'
17	5.0	2014-06-30 17:47:33.977	admin	save job 'job_efix'
18	5.0	2014-06-30 17:48:51.799	admin	save job 'job_efix'
19	5.0	2014-07-01 00:37:49.964	admin	save transformation 'averias_th'
20	5.0	2014-07-01 00:42:12.594	admin	save transformation 'averias_th'
21	5.0	2014-07-01 00:42:43.457	admin	save transformation 'averias_th'
22	5.0	2014-07-01 00:44:42.235	admin	save transformation 'averias_th'
23	5.0	2014-07-01 02:44:25.977	admin	save transformation 'averias_th'
24	5.0	2014-07-01 02:56:49.198	admin	save transformation 'averias_th'
25	5.0	2014-07-01 02:58:20.72	admin	save transformation 'averias_th'
26	5.0	2014-07-01 03:00:18.894	admin	save transformation 'averias_th'
27	5.0	2014-07-01 03:19:18.462	admin	save transformation 'averias_th'
28	5.0	2014-07-01 03:20:50.441	admin	save transformation 'averias_th'
29	5.0	2014-07-01 03:24:11.561	admin	save transformation 'averias_th'
30	5.0	2014-07-01 03:24:58.179	admin	save job 'job_efix'
31	5.0	2014-07-01 03:26:30.733	admin	save job 'job_efix'
32	5.0	2014-07-01 09:10:33.693	admin	save transformation 'averias_th'
33	5.0	2014-07-01 09:10:58.594	admin	save job 'job_efix'
\.


--
-- TOC entry 2460 (class 0 OID 17902)
-- Dependencies: 231
-- Data for Name: r_slave; Type: TABLE DATA; Schema: public; Owner: postgres
--

COPY r_slave (id_slave, name, host_name, port, web_app_name, username, password, proxy_host_name, proxy_port, non_proxy_hosts, master) FROM stdin;
\.


--
-- TOC entry 2469 (class 0 OID 17965)
-- Dependencies: 248
-- Data for Name: r_step; Type: TABLE DATA; Schema: public; Owner: postgres
--

COPY r_step (id_step, id_transformation, name, description, id_step_type, distribute, copies, gui_location_x, gui_location_y, gui_draw, copies_string) FROM stdin;
1	1	Table input	\N	196	t	1	291	141	t	1
2	1	Table output	\N	197	t	1	506	150	t	1
3	2	Table output	\N	197	t	1	300	190	t	1
4	2	Table input	\N	196	t	1	87	189	t	1
5	3	Table input	\N	196	t	1	52	209	t	1
6	3	Table output	\N	197	t	1	255	208	t	1
7	4	Table output	\N	197	t	1	511	247	t	1
8	4	Table input	\N	196	t	1	142	226	t	1
11	6	Table input	\N	196	t	1	81	264	t	1
12	6	Table output	\N	197	t	1	434	298	t	1
13	5	Table input	\N	196	t	1	192	331	t	1
14	5	Table output	\N	197	t	1	435	335	t	1
\.


--
-- TOC entry 2470 (class 0 OID 17974)
-- Dependencies: 250
-- Data for Name: r_step_attribute; Type: TABLE DATA; Schema: public; Owner: postgres
--

COPY r_step_attribute (id_step_attribute, id_transformation, id_step, nr, code, value_num, value_str) FROM stdin;
1	1	1	0	PARTITIONING_SCHEMA	0	\N
2	1	1	0	PARTITIONING_METHOD	0	none
3	1	1	0	id_connection	1	\N
4	1	1	0	sql	0	SELECT\r\nid_incidencia,\r\nincidencia.descripcion as incidencia,\r\ntipo_averia.descripcion as tipo_averia,\r\ntiempo_estimado\r\nFROM incidencia\r\nINNER JOIN tipo_averia ON incidencia.id_tipoaveria = tipo_averia.id_tipoaveria
5	1	1	0	limit	0	0
6	1	1	0	lookup	0	\N
7	1	1	0	execute_each_row	0	N
8	1	1	0	variables_active	0	N
9	1	1	0	lazy_conversion_active	0	N
10	1	1	0	cluster_schema	0	\N
11	1	1	0	row_distribution_code	0	\N
12	1	2	0	PARTITIONING_SCHEMA	0	\N
13	1	2	0	PARTITIONING_METHOD	0	none
14	1	2	0	id_connection	1	\N
15	1	2	0	schema	0	bi_efix
16	1	2	0	table	0	etl_incidencias
17	1	2	0	commit	0	1000
18	1	2	0	truncate	0	N
19	1	2	0	ignore_errors	0	N
20	1	2	0	use_batch	0	Y
21	1	2	0	specify_fields	0	Y
22	1	2	0	partitioning_enabled	0	N
23	1	2	0	partitioning_field	0	\N
24	1	2	0	partitioning_daily	0	N
25	1	2	0	partitioning_monthly	0	Y
26	1	2	0	tablename_in_field	0	N
27	1	2	0	tablename_field	0	\N
28	1	2	0	tablename_in_table	0	Y
29	1	2	0	return_keys	0	N
30	1	2	0	return_field	0	\N
31	1	2	0	column_name	0	id_incidencia
32	1	2	0	stream_name	0	id_incidencia
33	1	2	1	column_name	0	incidencia
34	1	2	1	stream_name	0	incidencia
35	1	2	2	column_name	0	tipo
36	1	2	2	stream_name	0	tipo_averia
37	1	2	3	column_name	0	tiempo_estimado
38	1	2	3	stream_name	0	tiempo_estimado
39	1	2	0	cluster_schema	0	\N
40	1	2	0	row_distribution_code	0	\N
41	2	3	0	PARTITIONING_SCHEMA	0	\N
42	2	3	0	PARTITIONING_METHOD	0	none
43	2	3	0	id_connection	1	\N
44	2	3	0	schema	0	bi_efix
45	2	3	0	table	0	etl_ambiente
46	2	3	0	commit	0	1000
47	2	3	0	truncate	0	N
48	2	3	0	ignore_errors	0	N
49	2	3	0	use_batch	0	Y
50	2	3	0	specify_fields	0	Y
51	2	3	0	partitioning_enabled	0	N
52	2	3	0	partitioning_field	0	\N
53	2	3	0	partitioning_daily	0	N
54	2	3	0	partitioning_monthly	0	Y
55	2	3	0	tablename_in_field	0	N
119	4	7	0	PARTITIONING_SCHEMA	0	\N
120	4	7	0	PARTITIONING_METHOD	0	none
121	4	7	0	id_connection	1	\N
122	4	7	0	schema	0	bi_efix
123	4	7	0	table	0	etl_personal
124	4	7	0	commit	0	1000
125	4	7	0	truncate	0	N
126	4	7	0	ignore_errors	0	N
127	4	7	0	use_batch	0	Y
128	4	7	0	specify_fields	0	Y
129	4	7	0	partitioning_enabled	0	N
130	4	7	0	partitioning_field	0	\N
131	4	7	0	partitioning_daily	0	N
132	4	7	0	partitioning_monthly	0	Y
133	4	7	0	tablename_in_field	0	N
134	4	7	0	tablename_field	0	\N
135	4	7	0	tablename_in_table	0	Y
136	4	7	0	return_keys	0	N
137	4	7	0	return_field	0	\N
138	4	7	0	column_name	0	id_personal
139	4	7	0	stream_name	0	id
140	4	7	1	column_name	0	nombres
141	4	7	1	stream_name	0	nombres
142	4	7	2	column_name	0	cargo
143	4	7	2	stream_name	0	cargo
144	4	7	3	column_name	0	area
145	4	7	3	stream_name	0	area
146	4	7	0	cluster_schema	0	\N
147	4	7	0	row_distribution_code	0	\N
148	4	8	0	PARTITIONING_SCHEMA	0	\N
149	4	8	0	PARTITIONING_METHOD	0	none
150	4	8	0	id_connection	1	\N
151	4	8	0	sql	0	SELECT\r\nid_personal as id,\r\npersonal.nombres,\r\ncargo,\r\ndescripcion as area\r\nFROM personal\r\nINNER JOIN area_administrativa ON personal.id_area = area_administrativa.id_area
152	4	8	0	limit	0	0
153	4	8	0	lookup	0	\N
154	4	8	0	execute_each_row	0	N
155	4	8	0	variables_active	0	N
156	4	8	0	lazy_conversion_active	0	N
157	4	8	0	cluster_schema	0	\N
158	4	8	0	row_distribution_code	0	\N
56	2	3	0	tablename_field	0	\N
57	2	3	0	tablename_in_table	0	Y
58	2	3	0	return_keys	0	N
59	2	3	0	return_field	0	\N
60	2	3	0	column_name	0	id
61	2	3	0	stream_name	0	ubic_id
62	2	3	1	column_name	0	facultad
63	2	3	1	stream_name	0	facu_descripcion
64	2	3	2	column_name	0	ambiente
65	2	3	2	stream_name	0	ambi_descripcion
66	2	3	3	column_name	0	ubicacion
67	2	3	3	stream_name	0	ubic_descripcion
68	2	3	0	cluster_schema	0	\N
69	2	3	0	row_distribution_code	0	\N
70	2	4	0	PARTITIONING_SCHEMA	0	\N
71	2	4	0	PARTITIONING_METHOD	0	none
72	2	4	0	id_connection	1	\N
73	2	4	0	sql	0	SELECT\r\n"public".ubicacion.ubic_id,\r\n"public".facultad.facu_descripcion,\r\n"public".ambiente.ambi_descripcion,\r\n"public".ubicacion.ubic_descripcion\r\nFROM\r\n"public".facultad\r\nINNER JOIN "public".ambiente ON "public".facultad.facu_id = "public".ambiente.facu_id\r\nINNER JOIN "public".ubicacion ON "public".ambiente.ambi_id = "public".ubicacion.ambi_id\r\n
74	2	4	0	limit	0	0
75	2	4	0	lookup	0	\N
76	2	4	0	execute_each_row	0	N
77	2	4	0	variables_active	0	N
78	2	4	0	lazy_conversion_active	0	N
79	2	4	0	cluster_schema	0	\N
80	2	4	0	row_distribution_code	0	\N
81	3	5	0	PARTITIONING_SCHEMA	0	\N
82	3	5	0	PARTITIONING_METHOD	0	none
83	3	5	0	id_connection	1	\N
84	3	5	0	sql	0	SELECT\r\n  id_patrimonio\r\n, codigo_patrimonial as serie\r\n, descripcion as patrimonio\r\nFROM patrimonio\r\n
85	3	5	0	limit	0	0
86	3	5	0	lookup	0	\N
87	3	5	0	execute_each_row	0	N
88	3	5	0	variables_active	0	N
89	3	5	0	lazy_conversion_active	0	N
90	3	5	0	cluster_schema	0	\N
91	3	5	0	row_distribution_code	0	\N
92	3	6	0	PARTITIONING_SCHEMA	0	\N
93	3	6	0	PARTITIONING_METHOD	0	none
94	3	6	0	id_connection	1	\N
95	3	6	0	schema	0	bi_efix
96	3	6	0	table	0	etl_patrimonio
97	3	6	0	commit	0	1000
98	3	6	0	truncate	0	N
99	3	6	0	ignore_errors	0	N
100	3	6	0	use_batch	0	Y
101	3	6	0	specify_fields	0	Y
102	3	6	0	partitioning_enabled	0	N
103	3	6	0	partitioning_field	0	\N
104	3	6	0	partitioning_daily	0	N
105	3	6	0	partitioning_monthly	0	Y
106	3	6	0	tablename_in_field	0	N
107	3	6	0	tablename_field	0	\N
108	3	6	0	tablename_in_table	0	Y
109	3	6	0	return_keys	0	N
110	3	6	0	return_field	0	\N
111	3	6	0	column_name	0	id_patrimonio
112	3	6	0	stream_name	0	id_patrimonio
113	3	6	1	column_name	0	serie
114	3	6	1	stream_name	0	serie
115	3	6	2	column_name	0	patrimonio
116	3	6	2	stream_name	0	patrimonio
117	3	6	0	cluster_schema	0	\N
118	3	6	0	row_distribution_code	0	\N
297	5	13	0	PARTITIONING_SCHEMA	0	\N
298	5	13	0	PARTITIONING_METHOD	0	none
299	5	13	0	id_connection	1	\N
300	5	13	0	sql	0	SELECT\r\n"public".tarea.id_tarea,\r\n"public".averia.id_incidencia,\r\n"public".averia.ubic_id,\r\n"public".tarea.codigo_referencia,\r\n"public".tarea.id_personal,\r\ntarea.id_tarea as id_tiempo_averia,\r\ntarea.id_tarea as id_tiempo_tarea,\r\naveria.seguimiento as estado_averia,\r\ntarea.estado as estado_tarea,\r\ntarea.tipo_solucion,\r\ntarea.categoria_solucion,\r\ntarea.falla\r\nFROM\r\n"public".tarea\r\nINNER JOIN "public".averia ON "public".averia.id_averia = "public".tarea.id_averia
301	5	13	0	limit	0	0
302	5	13	0	lookup	0	\N
303	5	13	0	execute_each_row	0	N
304	5	13	0	variables_active	0	N
305	5	13	0	lazy_conversion_active	0	N
306	5	13	0	cluster_schema	0	\N
307	5	13	0	row_distribution_code	0	\N
308	5	14	0	PARTITIONING_SCHEMA	0	\N
309	5	14	0	PARTITIONING_METHOD	0	none
310	5	14	0	id_connection	1	\N
311	5	14	0	schema	0	bi_efix
312	5	14	0	table	0	averias_th
313	5	14	0	commit	0	1000
314	5	14	0	truncate	0	N
315	5	14	0	ignore_errors	0	N
316	5	14	0	use_batch	0	Y
317	5	14	0	specify_fields	0	Y
318	5	14	0	partitioning_enabled	0	N
319	5	14	0	partitioning_field	0	\N
320	5	14	0	partitioning_daily	0	N
321	5	14	0	partitioning_monthly	0	Y
322	5	14	0	tablename_in_field	0	N
323	5	14	0	tablename_field	0	\N
324	5	14	0	tablename_in_table	0	Y
325	5	14	0	return_keys	0	N
326	5	14	0	return_field	0	\N
327	5	14	0	column_name	0	id_patrimonio
328	5	14	0	stream_name	0	codigo_referencia
329	5	14	1	column_name	0	id_averia
330	5	14	1	stream_name	0	id_tarea
331	5	14	2	column_name	0	ubicacion_id
332	5	14	2	stream_name	0	ubic_id
333	5	14	3	column_name	0	incedencia_id
334	5	14	3	stream_name	0	id_incidencia
335	5	14	4	column_name	0	personal_id
336	5	14	4	stream_name	0	id_personal
337	5	14	5	column_name	0	tiempo_averia_id
338	5	14	5	stream_name	0	id_tiempo_averia
339	5	14	6	column_name	0	tiempo_tarea_id
340	5	14	6	stream_name	0	id_tiempo_tarea
341	5	14	7	column_name	0	estado_averia
342	5	14	7	stream_name	0	estado_averia
343	5	14	8	column_name	0	estado_tarea
344	5	14	8	stream_name	0	estado_tarea
345	5	14	9	column_name	0	tipo_solucion
346	5	14	9	stream_name	0	tipo_solucion
347	5	14	10	column_name	0	categoria_solucion
348	5	14	10	stream_name	0	categoria_solucion
349	5	14	11	column_name	0	falla
350	5	14	11	stream_name	0	falla
351	5	14	0	cluster_schema	0	\N
352	5	14	0	row_distribution_code	0	\N
215	6	11	0	PARTITIONING_SCHEMA	0	\N
216	6	11	0	PARTITIONING_METHOD	0	none
217	6	11	0	id_connection	1	\N
218	6	11	0	sql	0	SELECT\r\ntarea.id_tarea as id_tiempo,\r\n"public".tarea.fecha_asignacion as fecha_averia,\r\ndate_part('year',averia.fecha_reporte) as year_averia ,\r\ndate_part('month',averia.fecha_reporte) as id_mes_Averia,\r\nto_char( fecha_reporte, 'month') as mes_averia,\r\ndate_part('day',averia.fecha_reporte) as id_dia_averia,\r\nto_char( fecha_reporte, 'day') as dia_Averia,\r\ndate_part('quarter', averia.fecha_reporte),\r\nto_char(averia.fecha_reporte, 'quarter') as trimestre_averia,\r\naveria.hora_reporte as hora_averia,\r\ndate_part('hour', averia.hora_reporte) as hora_averia,\r\ndate_part('minute', averia.hora_reporte) as minuto_averia,\r\ndate_part('second', averia.hora_reporte) as segundo_averia,\r\n\r\n"public".tarea.fecha_termino as fecha_tarea,\r\ndate_part('year',tarea.fecha_termino) as year_tarea ,\r\ndate_part('month',tarea.fecha_termino) as id_mes_tarea,\r\nto_char( tarea.fecha_termino, 'month') as mes_tarea,\r\ndate_part('day',tarea.fecha_termino) as id_dia_tarea,\r\nto_char(tarea.fecha_termino, 'day') as dia_tarea,\r\ndate_part('quarter', tarea.fecha_termino) as trimestre_tarea,\r\nto_char( tarea.fecha_termino, 'quarter') as trimestre_tarea,\r\ntarea.hora_termino  as hora_tarea,\r\ndate_part('hour', tarea.hora_termino ) as hora_tarea,\r\ndate_part('minute',tarea.hora_termino ) as minuto_tarea,\r\ndate_part('second', tarea.hora_termino ) as segundo_tarea\r\n\r\nFROM\r\n"public".averia\r\nINNER JOIN "public".tarea ON "public".averia.id_averia = "public".tarea.id_averia
219	6	11	0	limit	0	0
220	6	11	0	lookup	0	\N
221	6	11	0	execute_each_row	0	N
222	6	11	0	variables_active	0	N
223	6	11	0	lazy_conversion_active	0	N
224	6	11	0	cluster_schema	0	\N
225	6	11	0	row_distribution_code	0	\N
226	6	12	0	PARTITIONING_SCHEMA	0	\N
227	6	12	0	PARTITIONING_METHOD	0	none
228	6	12	0	id_connection	1	\N
229	6	12	0	schema	0	bi_efix
230	6	12	0	table	0	etl_tiempo
231	6	12	0	commit	0	1000
232	6	12	0	truncate	0	N
233	6	12	0	ignore_errors	0	N
234	6	12	0	use_batch	0	Y
235	6	12	0	specify_fields	0	Y
236	6	12	0	partitioning_enabled	0	N
237	6	12	0	partitioning_field	0	\N
238	6	12	0	partitioning_daily	0	N
239	6	12	0	partitioning_monthly	0	Y
240	6	12	0	tablename_in_field	0	N
241	6	12	0	tablename_field	0	\N
242	6	12	0	tablename_in_table	0	Y
243	6	12	0	return_keys	0	N
244	6	12	0	return_field	0	\N
245	6	12	0	column_name	0	id_tiempo
246	6	12	0	stream_name	0	id_tiempo
247	6	12	1	column_name	0	fecha_averia
248	6	12	1	stream_name	0	fecha_averia
249	6	12	2	column_name	0	year_averia
250	6	12	2	stream_name	0	year_averia
251	6	12	3	column_name	0	id_mes_averia
252	6	12	3	stream_name	0	id_mes_averia
253	6	12	4	column_name	0	mes_averia
254	6	12	4	stream_name	0	mes_averia
255	6	12	5	column_name	0	id_dia_averia
256	6	12	5	stream_name	0	id_dia_averia
257	6	12	6	column_name	0	dia_averia
258	6	12	6	stream_name	0	dia_averia
259	6	12	7	column_name	0	trimestre_averia_id
260	6	12	7	stream_name	0	trimestre_averia
261	6	12	8	column_name	0	hora_averia_
262	6	12	8	stream_name	0	hora_averia
263	6	12	9	column_name	0	hora_averia
264	6	12	9	stream_name	0	hora_averia_1
265	6	12	10	column_name	0	minuto_averia
266	6	12	10	stream_name	0	minuto_averia
267	6	12	11	column_name	0	segundo_averia
268	6	12	11	stream_name	0	segundo_averia
269	6	12	12	column_name	0	fecha_tarea
270	6	12	12	stream_name	0	fecha_tarea
271	6	12	13	column_name	0	year_tarea
272	6	12	13	stream_name	0	year_tarea
273	6	12	14	column_name	0	id_mes_tarea
274	6	12	14	stream_name	0	id_mes_tarea
275	6	12	15	column_name	0	mes_tarea
276	6	12	15	stream_name	0	mes_tarea
277	6	12	16	column_name	0	id_dia_tarea
278	6	12	16	stream_name	0	id_dia_tarea
279	6	12	17	column_name	0	dia_tarea
280	6	12	17	stream_name	0	dia_tarea
281	6	12	18	column_name	0	trimestre_tarea_id
282	6	12	18	stream_name	0	trimestre_tarea
283	6	12	19	column_name	0	trimestre_tarea
284	6	12	19	stream_name	0	trimestre_tarea_1
285	6	12	20	column_name	0	hora_tarea_
286	6	12	20	stream_name	0	hora_tarea
287	6	12	21	column_name	0	hora_tarea
288	6	12	21	stream_name	0	hora_tarea_1
289	6	12	22	column_name	0	minuto_tarea
290	6	12	22	stream_name	0	minuto_tarea
291	6	12	23	column_name	0	segundo_tarea
292	6	12	23	stream_name	0	segundo_tarea
293	6	12	24	column_name	0	trimestre_averia
294	6	12	24	stream_name	0	date_part
295	6	12	0	cluster_schema	0	\N
296	6	12	0	row_distribution_code	0	\N
\.


--
-- TOC entry 2471 (class 0 OID 17982)
-- Dependencies: 251
-- Data for Name: r_step_database; Type: TABLE DATA; Schema: public; Owner: postgres
--

COPY r_step_database (id_transformation, id_step, id_database) FROM stdin;
1	1	1
1	2	1
2	3	1
2	4	1
3	5	1
3	6	1
4	7	1
4	8	1
6	11	1
6	12	1
5	13	1
5	14	1
\.


--
-- TOC entry 2468 (class 0 OID 17956)
-- Dependencies: 246
-- Data for Name: r_step_type; Type: TABLE DATA; Schema: public; Owner: postgres
--

COPY r_step_type (id_step_type, code, description, helptext) FROM stdin;
1	Abort	Abort	Abort a transformation
2	CheckSum	Add a checksum	Add a checksum column for each input row
3	Constant	Add constants	Add one or more constants to the input rows
4	Sequence	Add sequence	Get the next value from an sequence
5	FieldsChangeSequence	Add value fields changing sequence	Add sequence depending of fields value change.\nEach time value of at least one field change, PDI will reset sequence. 
6	AddXML	Add XML	Encode several fields into an XML fragment
7	AggregateRows	Aggregate Rows	This step type allows you to aggregate rows.\nIt can't do groupings.
8	AnalyticQuery	Analytic Query	Execute analytic queries over a sorted dataset (LEAD/LAG/FIRST/LAST)
9	Append	Append streams	Append 2 streams in an ordered way
10	AutoDoc	Automatic Documentation Output	This step automatically generates documentation based on input in the form of a list of transformations and jobs
11	AvroInput	Avro Input	Reads data from an Avro file
12	BlockUntilStepsFinish	Block this step until steps finish	Block this step until selected steps finish.
13	BlockingStep	Blocking Step	This step blocks until all incoming rows have been processed.  Subsequent steps only recieve the last input row to this step.
14	Calculator	Calculator	Create new fields by performing simple calculations
15	DBProc	Call DB Procedure	Get back information by calling a database procedure.
16	CassandraInput	Cassandra Input	Reads data from a Cassandra table
17	CassandraOutput	Cassandra Output	Writes to a Cassandra table
18	ChangeFileEncoding	Change file encoding	Change file encoding and create a new file
19	ColumnExists	Check if a column exists	Check if a column exists in a table on a specified connection.
20	FileLocked	Check if file is locked	Check if a file is locked by another process
21	WebServiceAvailable	Check if webservice is available	Check if a webservice is available
22	CloneRow	Clone row	Clone a row as many times as needed
23	ClosureGenerator	Closure Generator	This step allows you to generates a closure table using parent-child relationships.
24	CombinationLookup	Combination lookup/update	Update a junk dimension in a data warehouse.\nAlternatively, look up information in this dimension.\nThe primary key of a junk dimension are all the fields.
25	ConcatFields	Concat Fields	Concat fields together into a new field (similar to the Text File Output step)
26	RowsToResult	Copy rows to result	Use this step to write rows to the executing job.\nThe information will then be passed to the next entry in this job.
27	CouchDbInput	CouchDb Input	Reads from a Couch DB view
28	CreditCardValidator	Credit card validator	The Credit card validator step will help you tell:\n(1) if a credit card number is valid (uses LUHN10 (MOD-10) algorithm)\n(2) which credit card vendor handles that number\n(VISA, MasterCard, Diners Club, EnRoute, American Express (AMEX),...)
29	CsvInput	CSV file input	Simple CSV file input
30	DataGrid	Data Grid	Enter rows of static data in a grid, usually for testing, reference or demo purpose
31	Validator	Data Validator	Validates passing data based on a set of rules
32	DBJoin	Database join	Execute a database query using stream values as parameters
33	DBLookup	Database lookup	Look up values in a database using field values
34	CubeInput	De-serialize from file	Read rows of data from a data cube.
35	Delay	Delay row	Output each input row after a delay
36	Delete	Delete	Delete data in a database table based upon keys
37	DetectEmptyStream	Detect empty stream	This step will output one empty row if input stream is empty\n(ie when input stream does not contain any row)
38	DimensionLookup	Dimension lookup/update	Update a slowly changing dimension in a data warehouse.\nAlternatively, look up information in this dimension.
39	Dummy	Dummy (do nothing)	This step type doesn't do anything.\nIt's useful however when testing things or in certain situations where you want to split streams.
40	DynamicSQLRow	Dynamic SQL row	Execute dynamic SQL statement build in a previous field
41	TypeExitEdi2XmlStep	Edi to XML	Converts Edi text to generic XML
42	ElasticSearchBulk	ElasticSearch Bulk Insert	Performs bulk inserts into ElasticSearch
43	MailInput	Email messages input	Read POP3/IMAP server and retrieve messages
44	ShapeFileReader	ESRI Shapefile Reader	Reads shape file data from an ESRI shape file and linked DBF file
45	MetaInject	ETL Metadata Injection	This step allows you to inject metadata into an existing transformation prior to execution.  This allows for the creation of dynamic and highly flexible data integration solutions.
46	DummyPlugin	Example plugin	This is an example for a plugin test step
47	ExecProcess	Execute a process	Execute a process and return the result
48	ExecSQLRow	Execute row SQL script	Execute SQL script extracted from a field\ncreated in a previous step.
49	ExecSQL	Execute SQL script	Execute an SQL script, optionally parameterized using input rows
50	FileExists	File exists	Check if a file exists
51	FilterRows	Filter rows	Filter rows using simple equations
52	FixedInput	Fixed file input	Fixed file input
53	Formula	Formula	Calculate a formula using Pentaho's libformula
54	FuzzyMatch	Fuzzy match	Finding approximate matches to a string using matching algorithms.\nRead a field from a main stream and output approximative value from lookup stream.
55	RandomCCNumberGenerator	Generate random credit card numbers	Generate random valide (luhn check) credit card numbers
56	RandomValue	Generate random value	Generate random value
57	RowGenerator	Generate Rows	Generate a number of empty or equal rows.
58	getXMLData	Get data from XML	Get data from XML file by using XPath.\n This step also allows you to parse XML defined in a previous field.
59	GetFileNames	Get File Names	Get file names from the operating system and send them to the next step.
60	FilesFromResult	Get files from result	This step allows you to read filenames used or generated in a previous entry in a job.
61	GetFilesRowsCount	Get Files Rows Count	Returns rows count for text files.
62	GetSlaveSequence	Get ID from slave server	Retrieves unique IDs in blocks from a slave server.  The referenced sequence needs to be configured on the slave server in the XML configuration file.
63	GetPreviousRowField	Get previous row fields	Get fields value of previous row.
64	GetRepositoryNames	Get repository names	Lists detailed information about transformations and/or jobs in a repository
65	RowsFromResult	Get rows from result	This allows you to read rows from a previous entry in a job.
66	GetSubFolders	Get SubFolder names	Read a parent folder and return all subfolders
67	SystemInfo	Get System Info	Get information from the system like system date, arguments, etc.
68	GetTableNames	Get table names	Get table names from database connection and send them to the next step
69	GetVariable	Get Variables	Determine the values of certain (environment or Kettle) variables and put them in field values.
70	TypeExitGoogleAnalyticsInputStep	Google Analytics	Fetches data from google analytics account
71	GPBulkLoader	Greenplum Bulk Loader	Greenplum Bulk Loader
72	GPLoad	Greenplum Load	Greenplum Load
73	GroupBy	Group by	Builds aggregates in a group by fashion.\nThis works only on a sorted input.\nIf the input is not sorted, only double consecutive rows are handled correctly.
74	ParallelGzipCsvInput	GZIP CSV Input	Parallel GZIP CSV file input reader
75	HadoopFileInputPlugin	Hadoop File Input	Process files from an HDFS location
76	HadoopFileOutputPlugin	Hadoop File Output	Create files in an HDFS location
77	HBaseInput	HBase Input	Reads data from a HBase table according to a mapping
78	HBaseOutput	HBase Output	Writes data to an HBase table according to a mapping
79	HBaseRowDecoder	HBase Row Decoder	Decodes an incoming key and HBase result object according to a mapping
80	HL7Input	HL7 Input	Reads and parses HL7 messages and outputs a series of values from the messages
81	HTTP	HTTP Client	Call a web service over HTTP by supplying a base URL by allowing parameters to be set dynamically
82	HTTPPOST	HTTP Post	Call a web service request over HTTP by supplying a base URL by allowing parameters to be set dynamically
83	DetectLastRow	Identify last row in a stream	Last row will be marked
84	IfNull	If field value is null	Sets a field value to a constant if it is null.
85	InfobrightOutput	Infobright Loader	Load data to an Infobright database table
86	VectorWiseBulkLoader	Ingres VectorWise Bulk Loader	This step interfaces with the Ingres VectorWise Bulk Loader "COPY TABLE" command.
87	Injector	Injector	Injector step to allow to inject rows into the transformation through the java API
88	InsertUpdate	Insert / Update	Update or insert rows in a database based upon keys.
89	JavaFilter	Java Filter	Filter rows using java code
90	JobExecutor	Job Executor	This step executes a Pentaho Data Integration job, sets parameters and passes rows.
91	JoinRows	Join Rows (cartesian product)	The output of this step is the cartesian product of the input streams.\nThe number of rows is the multiplication of the number of rows in the input streams.
92	JsonInput	Json Input	Extract relevant portions out of JSON structures (file or incoming field) and output rows
93	JsonOutput	Json output	Create Json bloc and output it in a field ou a file.
94	LDAPInput	LDAP Input	Read data from LDAP host
95	LDAPOutput	LDAP Output	Perform Insert, upsert, update, add or delete operations on records based on their DN (Distinguished  Name).
96	LDIFInput	LDIF Input	Read data from LDIF files
97	LoadFileInput	Load file content in memory	Load file content in memory
98	LucidDBBulkLoader	LucidDB Bulk Loader	Load data into LucidDB by using their bulk load command in streaming mode. (Doesnt work on Windows!)
99	LucidDBStreamingLoader	LucidDB Streaming Loader	Load data into LucidDB by using Remote Rows UDX.
100	Mail	Mail	Send eMail.
101	MailValidator	Mail Validator	Check if an email address is valid.
102	Mapping	Mapping (sub-transformation)	Run a mapping (sub-transformation), use MappingInput and MappingOutput to specify the fields interface
103	MappingInput	Mapping input specification	Specify the input interface of a mapping
104	MappingOutput	Mapping output specification	Specify the output interface of a mapping
105	HadoopEnterPlugin	MapReduce Input	Enter a Hadoop Mapper or Reducer transformation
106	HadoopExitPlugin	MapReduce Output	Exit a Hadoop Mapper or Reducer transformation
107	MemoryGroupBy	Memory Group by	Builds aggregates in a group by fashion.\nThis step doesn't require sorted input.
108	MergeJoin	Merge Join	Joins two streams on a given key and outputs a joined set. The input streams must be sorted on the join key
109	MergeRows	Merge Rows (diff)	Merge two streams of rows, sorted on a certain key.  The two streams are compared and the equals, changed, deleted and new rows are flagged.
110	StepMetastructure	Metadata structure of stream	This is a step to read the metadata of the incoming stream.
111	AccessInput	Microsoft Access Input	Read data from a Microsoft Access file
112	AccessOutput	Microsoft Access Output	Stores records into an MS-Access database table.
113	ExcelInput	Microsoft Excel Input	Read data from Excel and OpenOffice Workbooks (XLS, XLSX, ODS).
114	ExcelOutput	Microsoft Excel Output	Stores records into an Excel (XLS) document with formatting information.
115	TypeExitExcelWriterStep	Microsoft Excel Writer	Writes or appends data to an Excel file
116	ScriptValueMod	Modified Java Script Value	This is a modified plugin for the Scripting Values with improved interface and performance.\nWritten & donated to open source by Martin Lange, Proconis : http://www.proconis.de
117	MondrianInput	Mondrian Input	Execute and retrieve data using an MDX query against a Pentaho Analyses OLAP server (Mondrian)
118	MonetDBAgileMart	MonetDB Agile Mart	Load data into MonetDB for Agile BI use cases
181	SortedMerge	Sorted Merge	Sorted Merge
119	MonetDBBulkLoader	MonetDB Bulk Loader	Load data into MonetDB by using their bulk load command in streaming mode.
120	MongoDbInput	MongoDB Input	Reads from a Mongo DB collection
121	MongoDbOutput	MongoDB Output	Writes to a Mongo DB collection
122	MultiwayMergeJoin	Multiway Merge Join	Multiway Merge Join
123	MySQLBulkLoader	MySQL Bulk Loader	MySQL bulk loader step, loading data over a named pipe (not available on MS Windows)
124	NullIf	Null if...	Sets a field value to null if it is equal to a constant value
125	NumberRange	Number range	Create ranges based on numeric field
126	OlapInput	OLAP Input	Execute and retrieve data using an MDX query against any XML/A OLAP datasource using olap4j
127	OpenERPObjectDelete	OpenERP Object Delete	Deletes OpenERP objects
128	OpenERPObjectInput	OpenERP Object Input	Reads data from OpenERP objects
129	OpenERPObjectOutputImport	OpenERP Object Output	Writes data into OpenERP objects using the object import procedure
130	OraBulkLoader	Oracle Bulk Loader	Use Oracle Bulk Loader to load data
131	StepsMetrics	Output steps metrics	Return metrics for one or several steps
132	PaloCellInput	Palo Cell Input	Reads data from a defined Palo Cube 
133	PaloCellOutput	Palo Cell Output	Writes data to a defined Palo Cube
134	PaloDimInput	Palo Dim Input	Reads data from a defined Palo Dimension
135	PaloDimOutput	Palo Dim Output	Writes data to defined Palo Dimension
136	PentahoReportingOutput	Pentaho Reporting Output	Executes an existing report (PRPT)
137	PGPDecryptStream	PGP Decrypt stream	Decrypt data stream with PGP
138	PGPEncryptStream	PGP Encrypt stream	Encrypt data stream with PGP
139	PGBulkLoader	PostgreSQL Bulk Loader	PostgreSQL Bulk Loader
140	PrioritizeStreams	Prioritize streams	Prioritize streams in an order way.
141	ProcessFiles	Process files	Process one file per row (copy or move or delete).\nThis step only accept filename in input.
142	PropertyOutput	Properties Output	Write data to properties file
143	PropertyInput	Property Input	Read data (key, value) from properties files.
144	RegexEval	Regex Evaluation	Regular expression Evaluation\nThis step uses a regular expression to evaluate a field. It can also extract new fields out of an existing field with capturing groups.
145	ReplaceString	Replace in string	Replace all occurences a word in a string with another word.
146	ReservoirSampling	Reservoir Sampling	[Transform] Samples a fixed number of rows from the incoming stream
147	Rest	REST Client	Consume RESTfull services.\nREpresentational State Transfer (REST) is a key design idiom that embraces a stateless client-server\narchitecture in which the web services are viewed as resources and can be identified by their URLs
148	Denormaliser	Row denormaliser	Denormalises rows by looking up key-value pairs and by assigning them to new fields in the output rows.\nThis method aggregates and needs the input rows to be sorted on the grouping fields
149	Flattener	Row flattener	Flattens consecutive rows based on the order in which they appear in the input stream
150	Normaliser	Row Normaliser	De-normalised information can be normalised using this step type.
151	RssInput	RSS Input	Read RSS feeds
152	RssOutput	RSS Output	Read RSS stream.
153	RuleAccumulator	Rule Accumulator	Execute a rule against a set of all incoming rows
154	RuleExecutor	Rule Executor	Execute a rule against each row or a set of rows
155	SSH	Run SSH commands	Run SSH commands and returns result.
156	S3CSVINPUT	S3 CSV Input	S3 CSV Input
157	S3FileOutputPlugin	S3 File Output	Create files in an S3 location
158	SalesforceDelete	Salesforce Delete	Delete records in Salesforce module.
159	SalesforceInput	Salesforce Input	!BaseStep.TypeTooltipDesc.SalesforceInput!
160	SalesforceInsert	Salesforce Insert	Insert records in Salesforce module.
161	SalesforceUpdate	Salesforce Update	Update records in Salesforce module.
162	SalesforceUpsert	Salesforce Upsert	Insert or update records in Salesforce module.
163	SampleRows	Sample rows	Filter rows based on the line number.
164	SapInput	SAP Input	Read data from SAP ERP, optionally with parameters
165	SASInput	SAS Input	This step reads files in sas7bdat (SAS) native format
166	Script	Script	Calculate values by scripting in Ruby, Python, Groovy, JavaScript, ... (JSR-223)
167	SecretKeyGenerator	Secret key generator	Generate secrete key for algorithms such as DES, AEC, TripleDES.
168	SelectValues	Select values	Select or remove fields in a row.\nOptionally, set the field meta-data: type, length and precision.
169	SyslogMessage	Send message to Syslog	Send message to Syslog server
170	CubeOutput	Serialize to file	Write rows of data to a data cube
171	SetValueField	Set field value	Set value of a field with another value field
172	SetValueConstant	Set field value to a constant	Set value of a field to a constant
173	FilesToResult	Set files in result	This step allows you to set filenames in the result of this transformation.\nSubsequent job entries can then use this information.
174	SetVariable	Set Variables	Set environment variables based on a single input row.
175	SFTPPut	SFTP Put	Upload a file or a stream file to remote host via SFTP
176	SimpleMapping	Simple Mapping (sub-transformation)	Run a mapping (sub-transformation), use MappingInput and MappingOutput to specify the fields interface.  This is the simplified version only allowing one input and one output data set.
177	SingleThreader	Single Threader	Executes a transformation snippet in a single thread.  You need a standard mapping or a transformation with an Injector step where data from the parent transformation will arive in blocks.
178	SocketReader	Socket reader	Socket reader.  A socket client that connects to a server (Socket Writer step).
179	SocketWriter	Socket writer	Socket writer.  A socket server that can send rows of data to a socket reader.
180	SortRows	Sort rows	Sort rows based upon field values (ascending or descending)
182	SplitFieldToRows3	Split field to rows	Splits a single string field by delimiter and creates a new row for each split term
183	FieldSplitter	Split Fields	When you want to split a single field into more then one, use this step type.
184	SQLFileOutput	SQL File Output	Output SQL INSERT statements to file
185	SSTableOutput	SSTable Output	Writes to a filesystem directory as a Cassandra SSTable
186	StreamLookup	Stream lookup	Look up values coming from another stream in the transformation.
187	XMLInputSax	Streaming XML Input	Read data from an XML file in a streaming fashing, working faster and consuming less memory
188	StringOperations	String operations	Apply certain operations like trimming, padding and others to string value.
189	StringCut	Strings cut	Strings cut (substring).
190	SwitchCase	Switch / Case	Switch a row to a certain target step based on the case value in a field.
191	SymmetricCryptoTrans	Symmetric Cryptography	Encrypt or decrypt a string using symmetric encryption.\nAvailable algorithms are DES, AEC, TripleDES.
192	SynchronizeAfterMerge	Synchronize after merge	This step perform insert/update/delete in one go based on the value of a field. 
193	TableAgileMart	Table Agile Mart	Load data into a table for Agile BI use cases
194	TableCompare	Table Compare	Compares 2 tables and gives back a list of differences
195	TableExists	Table exists	Check if a table exists on a specified connection
196	TableInput	Table input	Read information from a database table.
197	TableOutput	Table output	Write information to a database table
198	TeraFast	Teradata Fastload Bulk Loader	The Teradata Fastload Bulk loader
199	TextFileInput	Text file input	Read data from a text file in several formats.\nThis data can then be passed on to the next step(s)...
200	TextFileOutput	Text file output	Write rows to a text file.
201	TransExecutor	Transformation Executor	This step executes a Pentaho Data Integration transformation, sets parameters and passes rows.
202	Unique	Unique rows	Remove double rows and leave only unique occurrences.\nThis works only on a sorted input.\nIf the input is not sorted, only double consecutive rows are handled correctly.
203	UniqueRowsByHashSet	Unique rows (HashSet)	Remove double rows and leave only unique occurrences by using a HashSet.
204	UnivariateStats	Univariate Statistics	This step computes some simple stats based on a single input field
205	Update	Update	Update data in a database table based upon keys
206	UserDefinedJavaClass	User Defined Java Class	This step allows you to program a step using Java code
207	Janino	User Defined Java Expression	Calculate the result of a Java Expression using Janino
208	ValueMapper	Value Mapper	Maps values of a certain field from one value to another
209	WebServiceLookup	Web Services Lookup	Look up information using web services (WSDL)
210	WriteToLog	Write to log	Write data to log
211	XBaseInput	XBase input	Reads records from an XBase type of database file (DBF)
212	XMLInput	XML Input	Read data from an XML file
213	XMLInputStream	XML Input Stream (StAX)	This step is capable of processing very large and complex XML files very fast.
214	XMLJoin	XML Join	Joins a stream of XML-Tags into a target XML string
215	XMLOutput	XML Output	Write data to an XML file
216	XSDValidator	XSD Validator	Validate XML source (files or streams) against XML Schema Definition.
217	XSLT	XSL Transformation	Transform XML stream using XSL (eXtensible Stylesheet Language).
218	YamlInput	Yaml Input 	Read YAML source (file or stream) parse them and convert them to rows and writes these to one or more output. 
219	ZipFile	Zip file	Zip a file.\nFilename will be extracted from incoming stream.
\.


--
-- TOC entry 2453 (class 0 OID 17843)
-- Dependencies: 217
-- Data for Name: r_trans_attribute; Type: TABLE DATA; Schema: public; Owner: postgres
--

COPY r_trans_attribute (id_trans_attribute, id_transformation, nr, code, value_num, value_str) FROM stdin;
223	2	0	UNIQUE_CONNECTIONS	0	N
224	2	0	FEEDBACK_SHOWN	0	Y
225	2	0	FEEDBACK_SIZE	50000	\N
226	2	0	USING_THREAD_PRIORITIES	0	Y
227	2	0	SHARED_FILE	0	\N
228	2	0	CAPTURE_STEP_PERFORMANCE	0	N
229	2	0	STEP_PERFORMANCE_CAPTURING_DELAY	1000	\N
230	2	0	STEP_PERFORMANCE_CAPTURING_SIZE_LIMIT	0	100
231	2	0	STEP_PERFORMANCE_LOG_TABLE	0	\N
232	2	0	LOG_SIZE_LIMIT	0	\N
233	2	0	LOG_INTERVAL	0	\N
234	2	0	TRANSFORMATION_TYPE	0	Normal
235	2	0	SLEEP_TIME_EMPTY	50	\N
236	2	0	SLEEP_TIME_FULL	50	\N
237	2	0	TRANS_LOG_TABLE_CONNECTION_NAME	0	\N
238	2	0	TRANS_LOG_TABLE_SCHEMA_NAME	0	\N
239	2	0	TRANS_LOG_TABLE_TABLE_NAME	0	\N
240	2	0	TRANS_LOG_TABLE_TIMEOUT_IN_DAYS	0	\N
241	2	0	TRANS_LOG_TABLE_FIELD_ID0	0	ID_BATCH
242	2	0	TRANS_LOG_TABLE_FIELD_NAME0	0	ID_BATCH
243	2	0	TRANS_LOG_TABLE_FIELD_ENABLED0	0	Y
244	2	0	TRANS_LOG_TABLE_FIELD_ID1	0	CHANNEL_ID
245	2	0	TRANS_LOG_TABLE_FIELD_NAME1	0	CHANNEL_ID
246	2	0	TRANS_LOG_TABLE_FIELD_ENABLED1	0	Y
247	2	0	TRANS_LOG_TABLE_FIELD_ID2	0	TRANSNAME
248	2	0	TRANS_LOG_TABLE_FIELD_NAME2	0	TRANSNAME
249	2	0	TRANS_LOG_TABLE_FIELD_ENABLED2	0	Y
250	2	0	TRANS_LOG_TABLE_FIELD_ID3	0	STATUS
251	2	0	TRANS_LOG_TABLE_FIELD_NAME3	0	STATUS
252	2	0	TRANS_LOG_TABLE_FIELD_ENABLED3	0	Y
253	2	0	TRANS_LOG_TABLE_FIELD_ID4	0	LINES_READ
254	2	0	TRANS_LOG_TABLE_FIELD_NAME4	0	LINES_READ
255	2	0	TRANS_LOG_TABLE_FIELD_ENABLED4	0	Y
256	2	0	TRANS_LOG_TABLE_FIELD_SUBJECT4	0	\N
257	2	0	TRANS_LOG_TABLE_FIELD_ID5	0	LINES_WRITTEN
258	2	0	TRANS_LOG_TABLE_FIELD_NAME5	0	LINES_WRITTEN
259	2	0	TRANS_LOG_TABLE_FIELD_ENABLED5	0	Y
260	2	0	TRANS_LOG_TABLE_FIELD_SUBJECT5	0	\N
261	2	0	TRANS_LOG_TABLE_FIELD_ID6	0	LINES_UPDATED
262	2	0	TRANS_LOG_TABLE_FIELD_NAME6	0	LINES_UPDATED
263	2	0	TRANS_LOG_TABLE_FIELD_ENABLED6	0	Y
264	2	0	TRANS_LOG_TABLE_FIELD_SUBJECT6	0	\N
265	2	0	TRANS_LOG_TABLE_FIELD_ID7	0	LINES_INPUT
266	2	0	TRANS_LOG_TABLE_FIELD_NAME7	0	LINES_INPUT
267	2	0	TRANS_LOG_TABLE_FIELD_ENABLED7	0	Y
268	2	0	TRANS_LOG_TABLE_FIELD_SUBJECT7	0	\N
269	2	0	TRANS_LOG_TABLE_FIELD_ID8	0	LINES_OUTPUT
270	2	0	TRANS_LOG_TABLE_FIELD_NAME8	0	LINES_OUTPUT
271	2	0	TRANS_LOG_TABLE_FIELD_ENABLED8	0	Y
272	2	0	TRANS_LOG_TABLE_FIELD_SUBJECT8	0	\N
273	2	0	TRANS_LOG_TABLE_FIELD_ID9	0	LINES_REJECTED
274	2	0	TRANS_LOG_TABLE_FIELD_NAME9	0	LINES_REJECTED
275	2	0	TRANS_LOG_TABLE_FIELD_ENABLED9	0	Y
276	2	0	TRANS_LOG_TABLE_FIELD_SUBJECT9	0	\N
277	2	0	TRANS_LOG_TABLE_FIELD_ID10	0	ERRORS
278	2	0	TRANS_LOG_TABLE_FIELD_NAME10	0	ERRORS
279	2	0	TRANS_LOG_TABLE_FIELD_ENABLED10	0	Y
280	2	0	TRANS_LOG_TABLE_FIELD_ID11	0	STARTDATE
281	2	0	TRANS_LOG_TABLE_FIELD_NAME11	0	STARTDATE
282	2	0	TRANS_LOG_TABLE_FIELD_ENABLED11	0	Y
283	2	0	TRANS_LOG_TABLE_FIELD_ID12	0	ENDDATE
284	2	0	TRANS_LOG_TABLE_FIELD_NAME12	0	ENDDATE
285	2	0	TRANS_LOG_TABLE_FIELD_ENABLED12	0	Y
286	2	0	TRANS_LOG_TABLE_FIELD_ID13	0	LOGDATE
287	2	0	TRANS_LOG_TABLE_FIELD_NAME13	0	LOGDATE
288	2	0	TRANS_LOG_TABLE_FIELD_ENABLED13	0	Y
289	2	0	TRANS_LOG_TABLE_FIELD_ID14	0	DEPDATE
290	2	0	TRANS_LOG_TABLE_FIELD_NAME14	0	DEPDATE
291	2	0	TRANS_LOG_TABLE_FIELD_ENABLED14	0	Y
292	2	0	TRANS_LOG_TABLE_FIELD_ID15	0	REPLAYDATE
293	2	0	TRANS_LOG_TABLE_FIELD_NAME15	0	REPLAYDATE
294	2	0	TRANS_LOG_TABLE_FIELD_ENABLED15	0	Y
295	2	0	TRANS_LOG_TABLE_FIELD_ID16	0	LOG_FIELD
296	2	0	TRANS_LOG_TABLE_FIELD_NAME16	0	LOG_FIELD
297	2	0	TRANS_LOG_TABLE_FIELD_ENABLED16	0	Y
298	2	0	TRANS_LOG_TABLE_FIELD_ID17	0	EXECUTING_SERVER
299	2	0	TRANS_LOG_TABLE_FIELD_NAME17	0	EXECUTING_SERVER
300	2	0	TRANS_LOG_TABLE_FIELD_ENABLED17	0	N
301	2	0	TRANS_LOG_TABLE_FIELD_ID18	0	EXECUTING_USER
302	2	0	TRANS_LOG_TABLE_FIELD_NAME18	0	EXECUTING_USER
303	2	0	TRANS_LOG_TABLE_FIELD_ENABLED18	0	N
304	2	0	TRANS_LOG_TABLE_FIELD_ID19	0	CLIENT
305	2	0	TRANS_LOG_TABLE_FIELD_NAME19	0	CLIENT
306	2	0	TRANS_LOG_TABLE_FIELD_ENABLED19	0	N
307	2	0	TRANSLOG_TABLE_INTERVAL	0	\N
308	2	0	TRANSLOG_TABLE_SIZE_LIMIT	0	\N
309	2	0	STEP_LOG_TABLE_CONNECTION_NAME	0	\N
310	2	0	STEP_LOG_TABLE_SCHEMA_NAME	0	\N
311	2	0	STEP_LOG_TABLE_TABLE_NAME	0	\N
312	2	0	STEP_LOG_TABLE_TIMEOUT_IN_DAYS	0	\N
313	2	0	STEP_LOG_TABLE_FIELD_ID0	0	ID_BATCH
314	2	0	STEP_LOG_TABLE_FIELD_NAME0	0	ID_BATCH
315	2	0	STEP_LOG_TABLE_FIELD_ENABLED0	0	Y
316	2	0	STEP_LOG_TABLE_FIELD_ID1	0	CHANNEL_ID
317	2	0	STEP_LOG_TABLE_FIELD_NAME1	0	CHANNEL_ID
318	2	0	STEP_LOG_TABLE_FIELD_ENABLED1	0	Y
319	2	0	STEP_LOG_TABLE_FIELD_ID2	0	LOG_DATE
320	2	0	STEP_LOG_TABLE_FIELD_NAME2	0	LOG_DATE
321	2	0	STEP_LOG_TABLE_FIELD_ENABLED2	0	Y
322	2	0	STEP_LOG_TABLE_FIELD_ID3	0	TRANSNAME
323	2	0	STEP_LOG_TABLE_FIELD_NAME3	0	TRANSNAME
324	2	0	STEP_LOG_TABLE_FIELD_ENABLED3	0	Y
325	2	0	STEP_LOG_TABLE_FIELD_ID4	0	STEPNAME
326	2	0	STEP_LOG_TABLE_FIELD_NAME4	0	STEPNAME
327	2	0	STEP_LOG_TABLE_FIELD_ENABLED4	0	Y
328	2	0	STEP_LOG_TABLE_FIELD_ID5	0	STEP_COPY
329	2	0	STEP_LOG_TABLE_FIELD_NAME5	0	STEP_COPY
330	2	0	STEP_LOG_TABLE_FIELD_ENABLED5	0	Y
331	2	0	STEP_LOG_TABLE_FIELD_ID6	0	LINES_READ
332	2	0	STEP_LOG_TABLE_FIELD_NAME6	0	LINES_READ
333	2	0	STEP_LOG_TABLE_FIELD_ENABLED6	0	Y
334	2	0	STEP_LOG_TABLE_FIELD_ID7	0	LINES_WRITTEN
335	2	0	STEP_LOG_TABLE_FIELD_NAME7	0	LINES_WRITTEN
336	2	0	STEP_LOG_TABLE_FIELD_ENABLED7	0	Y
337	2	0	STEP_LOG_TABLE_FIELD_ID8	0	LINES_UPDATED
338	2	0	STEP_LOG_TABLE_FIELD_NAME8	0	LINES_UPDATED
339	2	0	STEP_LOG_TABLE_FIELD_ENABLED8	0	Y
340	2	0	STEP_LOG_TABLE_FIELD_ID9	0	LINES_INPUT
341	2	0	STEP_LOG_TABLE_FIELD_NAME9	0	LINES_INPUT
342	2	0	STEP_LOG_TABLE_FIELD_ENABLED9	0	Y
343	2	0	STEP_LOG_TABLE_FIELD_ID10	0	LINES_OUTPUT
344	2	0	STEP_LOG_TABLE_FIELD_NAME10	0	LINES_OUTPUT
345	2	0	STEP_LOG_TABLE_FIELD_ENABLED10	0	Y
346	2	0	STEP_LOG_TABLE_FIELD_ID11	0	LINES_REJECTED
347	2	0	STEP_LOG_TABLE_FIELD_NAME11	0	LINES_REJECTED
348	2	0	STEP_LOG_TABLE_FIELD_ENABLED11	0	Y
349	2	0	STEP_LOG_TABLE_FIELD_ID12	0	ERRORS
350	2	0	STEP_LOG_TABLE_FIELD_NAME12	0	ERRORS
351	2	0	STEP_LOG_TABLE_FIELD_ENABLED12	0	Y
352	2	0	STEP_LOG_TABLE_FIELD_ID13	0	LOG_FIELD
353	2	0	STEP_LOG_TABLE_FIELD_NAME13	0	LOG_FIELD
354	2	0	STEP_LOG_TABLE_FIELD_ENABLED13	0	N
355	2	0	PERFORMANCE_LOG_TABLE_CONNECTION_NAME	0	\N
356	2	0	PERFORMANCE_LOG_TABLE_SCHEMA_NAME	0	\N
357	2	0	PERFORMANCE_LOG_TABLE_TABLE_NAME	0	\N
358	2	0	PERFORMANCE_LOG_TABLE_TIMEOUT_IN_DAYS	0	\N
359	2	0	PERFORMANCE_LOG_TABLE_FIELD_ID0	0	ID_BATCH
360	2	0	PERFORMANCE_LOG_TABLE_FIELD_NAME0	0	ID_BATCH
361	2	0	PERFORMANCE_LOG_TABLE_FIELD_ENABLED0	0	Y
362	2	0	PERFORMANCE_LOG_TABLE_FIELD_ID1	0	SEQ_NR
363	2	0	PERFORMANCE_LOG_TABLE_FIELD_NAME1	0	SEQ_NR
364	2	0	PERFORMANCE_LOG_TABLE_FIELD_ENABLED1	0	Y
365	2	0	PERFORMANCE_LOG_TABLE_FIELD_ID2	0	LOGDATE
366	2	0	PERFORMANCE_LOG_TABLE_FIELD_NAME2	0	LOGDATE
367	2	0	PERFORMANCE_LOG_TABLE_FIELD_ENABLED2	0	Y
368	2	0	PERFORMANCE_LOG_TABLE_FIELD_ID3	0	TRANSNAME
369	2	0	PERFORMANCE_LOG_TABLE_FIELD_NAME3	0	TRANSNAME
370	2	0	PERFORMANCE_LOG_TABLE_FIELD_ENABLED3	0	Y
371	2	0	PERFORMANCE_LOG_TABLE_FIELD_ID4	0	STEPNAME
372	2	0	PERFORMANCE_LOG_TABLE_FIELD_NAME4	0	STEPNAME
373	2	0	PERFORMANCE_LOG_TABLE_FIELD_ENABLED4	0	Y
374	2	0	PERFORMANCE_LOG_TABLE_FIELD_ID5	0	STEP_COPY
375	2	0	PERFORMANCE_LOG_TABLE_FIELD_NAME5	0	STEP_COPY
376	2	0	PERFORMANCE_LOG_TABLE_FIELD_ENABLED5	0	Y
377	2	0	PERFORMANCE_LOG_TABLE_FIELD_ID6	0	LINES_READ
378	2	0	PERFORMANCE_LOG_TABLE_FIELD_NAME6	0	LINES_READ
379	2	0	PERFORMANCE_LOG_TABLE_FIELD_ENABLED6	0	Y
380	2	0	PERFORMANCE_LOG_TABLE_FIELD_ID7	0	LINES_WRITTEN
381	2	0	PERFORMANCE_LOG_TABLE_FIELD_NAME7	0	LINES_WRITTEN
382	2	0	PERFORMANCE_LOG_TABLE_FIELD_ENABLED7	0	Y
383	2	0	PERFORMANCE_LOG_TABLE_FIELD_ID8	0	LINES_UPDATED
384	2	0	PERFORMANCE_LOG_TABLE_FIELD_NAME8	0	LINES_UPDATED
385	2	0	PERFORMANCE_LOG_TABLE_FIELD_ENABLED8	0	Y
386	2	0	PERFORMANCE_LOG_TABLE_FIELD_ID9	0	LINES_INPUT
387	2	0	PERFORMANCE_LOG_TABLE_FIELD_NAME9	0	LINES_INPUT
388	2	0	PERFORMANCE_LOG_TABLE_FIELD_ENABLED9	0	Y
389	2	0	PERFORMANCE_LOG_TABLE_FIELD_ID10	0	LINES_OUTPUT
390	2	0	PERFORMANCE_LOG_TABLE_FIELD_NAME10	0	LINES_OUTPUT
391	2	0	PERFORMANCE_LOG_TABLE_FIELD_ENABLED10	0	Y
392	2	0	PERFORMANCE_LOG_TABLE_FIELD_ID11	0	LINES_REJECTED
393	2	0	PERFORMANCE_LOG_TABLE_FIELD_NAME11	0	LINES_REJECTED
394	2	0	PERFORMANCE_LOG_TABLE_FIELD_ENABLED11	0	Y
395	2	0	PERFORMANCE_LOG_TABLE_FIELD_ID12	0	ERRORS
396	2	0	PERFORMANCE_LOG_TABLE_FIELD_NAME12	0	ERRORS
397	2	0	PERFORMANCE_LOG_TABLE_FIELD_ENABLED12	0	Y
398	2	0	PERFORMANCE_LOG_TABLE_FIELD_ID13	0	INPUT_BUFFER_ROWS
399	2	0	PERFORMANCE_LOG_TABLE_FIELD_NAME13	0	INPUT_BUFFER_ROWS
400	2	0	PERFORMANCE_LOG_TABLE_FIELD_ENABLED13	0	Y
401	2	0	PERFORMANCE_LOG_TABLE_FIELD_ID14	0	OUTPUT_BUFFER_ROWS
402	2	0	PERFORMANCE_LOG_TABLE_FIELD_NAME14	0	OUTPUT_BUFFER_ROWS
403	2	0	PERFORMANCE_LOG_TABLE_FIELD_ENABLED14	0	Y
404	2	0	PERFORMANCELOG_TABLE_INTERVAL	0	\N
405	2	0	CHANNEL_LOG_TABLE_CONNECTION_NAME	0	\N
406	2	0	CHANNEL_LOG_TABLE_SCHEMA_NAME	0	\N
407	2	0	CHANNEL_LOG_TABLE_TABLE_NAME	0	\N
408	2	0	CHANNEL_LOG_TABLE_TIMEOUT_IN_DAYS	0	\N
409	2	0	CHANNEL_LOG_TABLE_FIELD_ID0	0	ID_BATCH
410	2	0	CHANNEL_LOG_TABLE_FIELD_NAME0	0	ID_BATCH
411	2	0	CHANNEL_LOG_TABLE_FIELD_ENABLED0	0	Y
412	2	0	CHANNEL_LOG_TABLE_FIELD_ID1	0	CHANNEL_ID
413	2	0	CHANNEL_LOG_TABLE_FIELD_NAME1	0	CHANNEL_ID
414	2	0	CHANNEL_LOG_TABLE_FIELD_ENABLED1	0	Y
415	2	0	CHANNEL_LOG_TABLE_FIELD_ID2	0	LOG_DATE
416	2	0	CHANNEL_LOG_TABLE_FIELD_NAME2	0	LOG_DATE
417	2	0	CHANNEL_LOG_TABLE_FIELD_ENABLED2	0	Y
418	2	0	CHANNEL_LOG_TABLE_FIELD_ID3	0	LOGGING_OBJECT_TYPE
419	2	0	CHANNEL_LOG_TABLE_FIELD_NAME3	0	LOGGING_OBJECT_TYPE
420	2	0	CHANNEL_LOG_TABLE_FIELD_ENABLED3	0	Y
421	2	0	CHANNEL_LOG_TABLE_FIELD_ID4	0	OBJECT_NAME
422	2	0	CHANNEL_LOG_TABLE_FIELD_NAME4	0	OBJECT_NAME
423	2	0	CHANNEL_LOG_TABLE_FIELD_ENABLED4	0	Y
424	2	0	CHANNEL_LOG_TABLE_FIELD_ID5	0	OBJECT_COPY
425	2	0	CHANNEL_LOG_TABLE_FIELD_NAME5	0	OBJECT_COPY
426	2	0	CHANNEL_LOG_TABLE_FIELD_ENABLED5	0	Y
427	2	0	CHANNEL_LOG_TABLE_FIELD_ID6	0	REPOSITORY_DIRECTORY
428	2	0	CHANNEL_LOG_TABLE_FIELD_NAME6	0	REPOSITORY_DIRECTORY
429	2	0	CHANNEL_LOG_TABLE_FIELD_ENABLED6	0	Y
430	2	0	CHANNEL_LOG_TABLE_FIELD_ID7	0	FILENAME
431	2	0	CHANNEL_LOG_TABLE_FIELD_NAME7	0	FILENAME
432	2	0	CHANNEL_LOG_TABLE_FIELD_ENABLED7	0	Y
433	2	0	CHANNEL_LOG_TABLE_FIELD_ID8	0	OBJECT_ID
434	2	0	CHANNEL_LOG_TABLE_FIELD_NAME8	0	OBJECT_ID
435	2	0	CHANNEL_LOG_TABLE_FIELD_ENABLED8	0	Y
436	2	0	CHANNEL_LOG_TABLE_FIELD_ID9	0	OBJECT_REVISION
437	2	0	CHANNEL_LOG_TABLE_FIELD_NAME9	0	OBJECT_REVISION
438	2	0	CHANNEL_LOG_TABLE_FIELD_ENABLED9	0	Y
439	2	0	CHANNEL_LOG_TABLE_FIELD_ID10	0	PARENT_CHANNEL_ID
440	2	0	CHANNEL_LOG_TABLE_FIELD_NAME10	0	PARENT_CHANNEL_ID
441	2	0	CHANNEL_LOG_TABLE_FIELD_ENABLED10	0	Y
442	2	0	CHANNEL_LOG_TABLE_FIELD_ID11	0	ROOT_CHANNEL_ID
443	2	0	CHANNEL_LOG_TABLE_FIELD_NAME11	0	ROOT_CHANNEL_ID
444	2	0	CHANNEL_LOG_TABLE_FIELD_ENABLED11	0	Y
1	1	0	UNIQUE_CONNECTIONS	0	N
2	1	0	FEEDBACK_SHOWN	0	Y
3	1	0	FEEDBACK_SIZE	50000	\N
4	1	0	USING_THREAD_PRIORITIES	0	Y
5	1	0	SHARED_FILE	0	\N
6	1	0	CAPTURE_STEP_PERFORMANCE	0	N
7	1	0	STEP_PERFORMANCE_CAPTURING_DELAY	1000	\N
8	1	0	STEP_PERFORMANCE_CAPTURING_SIZE_LIMIT	0	100
9	1	0	STEP_PERFORMANCE_LOG_TABLE	0	\N
10	1	0	LOG_SIZE_LIMIT	0	\N
11	1	0	LOG_INTERVAL	0	\N
12	1	0	TRANSFORMATION_TYPE	0	Normal
13	1	0	SLEEP_TIME_EMPTY	50	\N
14	1	0	SLEEP_TIME_FULL	50	\N
15	1	0	TRANS_LOG_TABLE_CONNECTION_NAME	0	\N
16	1	0	TRANS_LOG_TABLE_SCHEMA_NAME	0	\N
17	1	0	TRANS_LOG_TABLE_TABLE_NAME	0	\N
18	1	0	TRANS_LOG_TABLE_TIMEOUT_IN_DAYS	0	\N
19	1	0	TRANS_LOG_TABLE_FIELD_ID0	0	ID_BATCH
20	1	0	TRANS_LOG_TABLE_FIELD_NAME0	0	ID_BATCH
21	1	0	TRANS_LOG_TABLE_FIELD_ENABLED0	0	Y
22	1	0	TRANS_LOG_TABLE_FIELD_ID1	0	CHANNEL_ID
23	1	0	TRANS_LOG_TABLE_FIELD_NAME1	0	CHANNEL_ID
24	1	0	TRANS_LOG_TABLE_FIELD_ENABLED1	0	Y
25	1	0	TRANS_LOG_TABLE_FIELD_ID2	0	TRANSNAME
26	1	0	TRANS_LOG_TABLE_FIELD_NAME2	0	TRANSNAME
27	1	0	TRANS_LOG_TABLE_FIELD_ENABLED2	0	Y
28	1	0	TRANS_LOG_TABLE_FIELD_ID3	0	STATUS
29	1	0	TRANS_LOG_TABLE_FIELD_NAME3	0	STATUS
30	1	0	TRANS_LOG_TABLE_FIELD_ENABLED3	0	Y
31	1	0	TRANS_LOG_TABLE_FIELD_ID4	0	LINES_READ
32	1	0	TRANS_LOG_TABLE_FIELD_NAME4	0	LINES_READ
33	1	0	TRANS_LOG_TABLE_FIELD_ENABLED4	0	Y
34	1	0	TRANS_LOG_TABLE_FIELD_SUBJECT4	0	\N
35	1	0	TRANS_LOG_TABLE_FIELD_ID5	0	LINES_WRITTEN
36	1	0	TRANS_LOG_TABLE_FIELD_NAME5	0	LINES_WRITTEN
37	1	0	TRANS_LOG_TABLE_FIELD_ENABLED5	0	Y
38	1	0	TRANS_LOG_TABLE_FIELD_SUBJECT5	0	\N
39	1	0	TRANS_LOG_TABLE_FIELD_ID6	0	LINES_UPDATED
40	1	0	TRANS_LOG_TABLE_FIELD_NAME6	0	LINES_UPDATED
41	1	0	TRANS_LOG_TABLE_FIELD_ENABLED6	0	Y
42	1	0	TRANS_LOG_TABLE_FIELD_SUBJECT6	0	\N
43	1	0	TRANS_LOG_TABLE_FIELD_ID7	0	LINES_INPUT
44	1	0	TRANS_LOG_TABLE_FIELD_NAME7	0	LINES_INPUT
45	1	0	TRANS_LOG_TABLE_FIELD_ENABLED7	0	Y
46	1	0	TRANS_LOG_TABLE_FIELD_SUBJECT7	0	\N
47	1	0	TRANS_LOG_TABLE_FIELD_ID8	0	LINES_OUTPUT
48	1	0	TRANS_LOG_TABLE_FIELD_NAME8	0	LINES_OUTPUT
49	1	0	TRANS_LOG_TABLE_FIELD_ENABLED8	0	Y
50	1	0	TRANS_LOG_TABLE_FIELD_SUBJECT8	0	\N
51	1	0	TRANS_LOG_TABLE_FIELD_ID9	0	LINES_REJECTED
52	1	0	TRANS_LOG_TABLE_FIELD_NAME9	0	LINES_REJECTED
53	1	0	TRANS_LOG_TABLE_FIELD_ENABLED9	0	Y
54	1	0	TRANS_LOG_TABLE_FIELD_SUBJECT9	0	\N
55	1	0	TRANS_LOG_TABLE_FIELD_ID10	0	ERRORS
56	1	0	TRANS_LOG_TABLE_FIELD_NAME10	0	ERRORS
57	1	0	TRANS_LOG_TABLE_FIELD_ENABLED10	0	Y
58	1	0	TRANS_LOG_TABLE_FIELD_ID11	0	STARTDATE
59	1	0	TRANS_LOG_TABLE_FIELD_NAME11	0	STARTDATE
60	1	0	TRANS_LOG_TABLE_FIELD_ENABLED11	0	Y
61	1	0	TRANS_LOG_TABLE_FIELD_ID12	0	ENDDATE
62	1	0	TRANS_LOG_TABLE_FIELD_NAME12	0	ENDDATE
63	1	0	TRANS_LOG_TABLE_FIELD_ENABLED12	0	Y
64	1	0	TRANS_LOG_TABLE_FIELD_ID13	0	LOGDATE
65	1	0	TRANS_LOG_TABLE_FIELD_NAME13	0	LOGDATE
66	1	0	TRANS_LOG_TABLE_FIELD_ENABLED13	0	Y
67	1	0	TRANS_LOG_TABLE_FIELD_ID14	0	DEPDATE
68	1	0	TRANS_LOG_TABLE_FIELD_NAME14	0	DEPDATE
69	1	0	TRANS_LOG_TABLE_FIELD_ENABLED14	0	Y
70	1	0	TRANS_LOG_TABLE_FIELD_ID15	0	REPLAYDATE
71	1	0	TRANS_LOG_TABLE_FIELD_NAME15	0	REPLAYDATE
72	1	0	TRANS_LOG_TABLE_FIELD_ENABLED15	0	Y
73	1	0	TRANS_LOG_TABLE_FIELD_ID16	0	LOG_FIELD
74	1	0	TRANS_LOG_TABLE_FIELD_NAME16	0	LOG_FIELD
75	1	0	TRANS_LOG_TABLE_FIELD_ENABLED16	0	Y
76	1	0	TRANS_LOG_TABLE_FIELD_ID17	0	EXECUTING_SERVER
77	1	0	TRANS_LOG_TABLE_FIELD_NAME17	0	EXECUTING_SERVER
78	1	0	TRANS_LOG_TABLE_FIELD_ENABLED17	0	N
79	1	0	TRANS_LOG_TABLE_FIELD_ID18	0	EXECUTING_USER
80	1	0	TRANS_LOG_TABLE_FIELD_NAME18	0	EXECUTING_USER
81	1	0	TRANS_LOG_TABLE_FIELD_ENABLED18	0	N
82	1	0	TRANS_LOG_TABLE_FIELD_ID19	0	CLIENT
83	1	0	TRANS_LOG_TABLE_FIELD_NAME19	0	CLIENT
84	1	0	TRANS_LOG_TABLE_FIELD_ENABLED19	0	N
85	1	0	TRANSLOG_TABLE_INTERVAL	0	\N
86	1	0	TRANSLOG_TABLE_SIZE_LIMIT	0	\N
87	1	0	STEP_LOG_TABLE_CONNECTION_NAME	0	\N
88	1	0	STEP_LOG_TABLE_SCHEMA_NAME	0	\N
89	1	0	STEP_LOG_TABLE_TABLE_NAME	0	\N
90	1	0	STEP_LOG_TABLE_TIMEOUT_IN_DAYS	0	\N
91	1	0	STEP_LOG_TABLE_FIELD_ID0	0	ID_BATCH
92	1	0	STEP_LOG_TABLE_FIELD_NAME0	0	ID_BATCH
93	1	0	STEP_LOG_TABLE_FIELD_ENABLED0	0	Y
94	1	0	STEP_LOG_TABLE_FIELD_ID1	0	CHANNEL_ID
95	1	0	STEP_LOG_TABLE_FIELD_NAME1	0	CHANNEL_ID
96	1	0	STEP_LOG_TABLE_FIELD_ENABLED1	0	Y
97	1	0	STEP_LOG_TABLE_FIELD_ID2	0	LOG_DATE
98	1	0	STEP_LOG_TABLE_FIELD_NAME2	0	LOG_DATE
99	1	0	STEP_LOG_TABLE_FIELD_ENABLED2	0	Y
100	1	0	STEP_LOG_TABLE_FIELD_ID3	0	TRANSNAME
101	1	0	STEP_LOG_TABLE_FIELD_NAME3	0	TRANSNAME
102	1	0	STEP_LOG_TABLE_FIELD_ENABLED3	0	Y
103	1	0	STEP_LOG_TABLE_FIELD_ID4	0	STEPNAME
104	1	0	STEP_LOG_TABLE_FIELD_NAME4	0	STEPNAME
105	1	0	STEP_LOG_TABLE_FIELD_ENABLED4	0	Y
106	1	0	STEP_LOG_TABLE_FIELD_ID5	0	STEP_COPY
107	1	0	STEP_LOG_TABLE_FIELD_NAME5	0	STEP_COPY
108	1	0	STEP_LOG_TABLE_FIELD_ENABLED5	0	Y
109	1	0	STEP_LOG_TABLE_FIELD_ID6	0	LINES_READ
110	1	0	STEP_LOG_TABLE_FIELD_NAME6	0	LINES_READ
111	1	0	STEP_LOG_TABLE_FIELD_ENABLED6	0	Y
112	1	0	STEP_LOG_TABLE_FIELD_ID7	0	LINES_WRITTEN
113	1	0	STEP_LOG_TABLE_FIELD_NAME7	0	LINES_WRITTEN
114	1	0	STEP_LOG_TABLE_FIELD_ENABLED7	0	Y
115	1	0	STEP_LOG_TABLE_FIELD_ID8	0	LINES_UPDATED
116	1	0	STEP_LOG_TABLE_FIELD_NAME8	0	LINES_UPDATED
117	1	0	STEP_LOG_TABLE_FIELD_ENABLED8	0	Y
118	1	0	STEP_LOG_TABLE_FIELD_ID9	0	LINES_INPUT
119	1	0	STEP_LOG_TABLE_FIELD_NAME9	0	LINES_INPUT
120	1	0	STEP_LOG_TABLE_FIELD_ENABLED9	0	Y
121	1	0	STEP_LOG_TABLE_FIELD_ID10	0	LINES_OUTPUT
122	1	0	STEP_LOG_TABLE_FIELD_NAME10	0	LINES_OUTPUT
123	1	0	STEP_LOG_TABLE_FIELD_ENABLED10	0	Y
124	1	0	STEP_LOG_TABLE_FIELD_ID11	0	LINES_REJECTED
125	1	0	STEP_LOG_TABLE_FIELD_NAME11	0	LINES_REJECTED
126	1	0	STEP_LOG_TABLE_FIELD_ENABLED11	0	Y
127	1	0	STEP_LOG_TABLE_FIELD_ID12	0	ERRORS
128	1	0	STEP_LOG_TABLE_FIELD_NAME12	0	ERRORS
129	1	0	STEP_LOG_TABLE_FIELD_ENABLED12	0	Y
130	1	0	STEP_LOG_TABLE_FIELD_ID13	0	LOG_FIELD
131	1	0	STEP_LOG_TABLE_FIELD_NAME13	0	LOG_FIELD
132	1	0	STEP_LOG_TABLE_FIELD_ENABLED13	0	N
133	1	0	PERFORMANCE_LOG_TABLE_CONNECTION_NAME	0	\N
134	1	0	PERFORMANCE_LOG_TABLE_SCHEMA_NAME	0	\N
135	1	0	PERFORMANCE_LOG_TABLE_TABLE_NAME	0	\N
136	1	0	PERFORMANCE_LOG_TABLE_TIMEOUT_IN_DAYS	0	\N
137	1	0	PERFORMANCE_LOG_TABLE_FIELD_ID0	0	ID_BATCH
138	1	0	PERFORMANCE_LOG_TABLE_FIELD_NAME0	0	ID_BATCH
139	1	0	PERFORMANCE_LOG_TABLE_FIELD_ENABLED0	0	Y
140	1	0	PERFORMANCE_LOG_TABLE_FIELD_ID1	0	SEQ_NR
141	1	0	PERFORMANCE_LOG_TABLE_FIELD_NAME1	0	SEQ_NR
142	1	0	PERFORMANCE_LOG_TABLE_FIELD_ENABLED1	0	Y
143	1	0	PERFORMANCE_LOG_TABLE_FIELD_ID2	0	LOGDATE
144	1	0	PERFORMANCE_LOG_TABLE_FIELD_NAME2	0	LOGDATE
145	1	0	PERFORMANCE_LOG_TABLE_FIELD_ENABLED2	0	Y
146	1	0	PERFORMANCE_LOG_TABLE_FIELD_ID3	0	TRANSNAME
147	1	0	PERFORMANCE_LOG_TABLE_FIELD_NAME3	0	TRANSNAME
148	1	0	PERFORMANCE_LOG_TABLE_FIELD_ENABLED3	0	Y
149	1	0	PERFORMANCE_LOG_TABLE_FIELD_ID4	0	STEPNAME
150	1	0	PERFORMANCE_LOG_TABLE_FIELD_NAME4	0	STEPNAME
151	1	0	PERFORMANCE_LOG_TABLE_FIELD_ENABLED4	0	Y
152	1	0	PERFORMANCE_LOG_TABLE_FIELD_ID5	0	STEP_COPY
153	1	0	PERFORMANCE_LOG_TABLE_FIELD_NAME5	0	STEP_COPY
154	1	0	PERFORMANCE_LOG_TABLE_FIELD_ENABLED5	0	Y
155	1	0	PERFORMANCE_LOG_TABLE_FIELD_ID6	0	LINES_READ
156	1	0	PERFORMANCE_LOG_TABLE_FIELD_NAME6	0	LINES_READ
157	1	0	PERFORMANCE_LOG_TABLE_FIELD_ENABLED6	0	Y
158	1	0	PERFORMANCE_LOG_TABLE_FIELD_ID7	0	LINES_WRITTEN
159	1	0	PERFORMANCE_LOG_TABLE_FIELD_NAME7	0	LINES_WRITTEN
160	1	0	PERFORMANCE_LOG_TABLE_FIELD_ENABLED7	0	Y
161	1	0	PERFORMANCE_LOG_TABLE_FIELD_ID8	0	LINES_UPDATED
162	1	0	PERFORMANCE_LOG_TABLE_FIELD_NAME8	0	LINES_UPDATED
163	1	0	PERFORMANCE_LOG_TABLE_FIELD_ENABLED8	0	Y
164	1	0	PERFORMANCE_LOG_TABLE_FIELD_ID9	0	LINES_INPUT
165	1	0	PERFORMANCE_LOG_TABLE_FIELD_NAME9	0	LINES_INPUT
166	1	0	PERFORMANCE_LOG_TABLE_FIELD_ENABLED9	0	Y
167	1	0	PERFORMANCE_LOG_TABLE_FIELD_ID10	0	LINES_OUTPUT
168	1	0	PERFORMANCE_LOG_TABLE_FIELD_NAME10	0	LINES_OUTPUT
169	1	0	PERFORMANCE_LOG_TABLE_FIELD_ENABLED10	0	Y
170	1	0	PERFORMANCE_LOG_TABLE_FIELD_ID11	0	LINES_REJECTED
171	1	0	PERFORMANCE_LOG_TABLE_FIELD_NAME11	0	LINES_REJECTED
172	1	0	PERFORMANCE_LOG_TABLE_FIELD_ENABLED11	0	Y
173	1	0	PERFORMANCE_LOG_TABLE_FIELD_ID12	0	ERRORS
174	1	0	PERFORMANCE_LOG_TABLE_FIELD_NAME12	0	ERRORS
175	1	0	PERFORMANCE_LOG_TABLE_FIELD_ENABLED12	0	Y
176	1	0	PERFORMANCE_LOG_TABLE_FIELD_ID13	0	INPUT_BUFFER_ROWS
177	1	0	PERFORMANCE_LOG_TABLE_FIELD_NAME13	0	INPUT_BUFFER_ROWS
178	1	0	PERFORMANCE_LOG_TABLE_FIELD_ENABLED13	0	Y
179	1	0	PERFORMANCE_LOG_TABLE_FIELD_ID14	0	OUTPUT_BUFFER_ROWS
180	1	0	PERFORMANCE_LOG_TABLE_FIELD_NAME14	0	OUTPUT_BUFFER_ROWS
181	1	0	PERFORMANCE_LOG_TABLE_FIELD_ENABLED14	0	Y
182	1	0	PERFORMANCELOG_TABLE_INTERVAL	0	\N
183	1	0	CHANNEL_LOG_TABLE_CONNECTION_NAME	0	\N
184	1	0	CHANNEL_LOG_TABLE_SCHEMA_NAME	0	\N
185	1	0	CHANNEL_LOG_TABLE_TABLE_NAME	0	\N
186	1	0	CHANNEL_LOG_TABLE_TIMEOUT_IN_DAYS	0	\N
187	1	0	CHANNEL_LOG_TABLE_FIELD_ID0	0	ID_BATCH
188	1	0	CHANNEL_LOG_TABLE_FIELD_NAME0	0	ID_BATCH
189	1	0	CHANNEL_LOG_TABLE_FIELD_ENABLED0	0	Y
190	1	0	CHANNEL_LOG_TABLE_FIELD_ID1	0	CHANNEL_ID
191	1	0	CHANNEL_LOG_TABLE_FIELD_NAME1	0	CHANNEL_ID
192	1	0	CHANNEL_LOG_TABLE_FIELD_ENABLED1	0	Y
193	1	0	CHANNEL_LOG_TABLE_FIELD_ID2	0	LOG_DATE
194	1	0	CHANNEL_LOG_TABLE_FIELD_NAME2	0	LOG_DATE
195	1	0	CHANNEL_LOG_TABLE_FIELD_ENABLED2	0	Y
196	1	0	CHANNEL_LOG_TABLE_FIELD_ID3	0	LOGGING_OBJECT_TYPE
197	1	0	CHANNEL_LOG_TABLE_FIELD_NAME3	0	LOGGING_OBJECT_TYPE
198	1	0	CHANNEL_LOG_TABLE_FIELD_ENABLED3	0	Y
199	1	0	CHANNEL_LOG_TABLE_FIELD_ID4	0	OBJECT_NAME
200	1	0	CHANNEL_LOG_TABLE_FIELD_NAME4	0	OBJECT_NAME
201	1	0	CHANNEL_LOG_TABLE_FIELD_ENABLED4	0	Y
202	1	0	CHANNEL_LOG_TABLE_FIELD_ID5	0	OBJECT_COPY
203	1	0	CHANNEL_LOG_TABLE_FIELD_NAME5	0	OBJECT_COPY
204	1	0	CHANNEL_LOG_TABLE_FIELD_ENABLED5	0	Y
205	1	0	CHANNEL_LOG_TABLE_FIELD_ID6	0	REPOSITORY_DIRECTORY
206	1	0	CHANNEL_LOG_TABLE_FIELD_NAME6	0	REPOSITORY_DIRECTORY
207	1	0	CHANNEL_LOG_TABLE_FIELD_ENABLED6	0	Y
208	1	0	CHANNEL_LOG_TABLE_FIELD_ID7	0	FILENAME
209	1	0	CHANNEL_LOG_TABLE_FIELD_NAME7	0	FILENAME
210	1	0	CHANNEL_LOG_TABLE_FIELD_ENABLED7	0	Y
211	1	0	CHANNEL_LOG_TABLE_FIELD_ID8	0	OBJECT_ID
212	1	0	CHANNEL_LOG_TABLE_FIELD_NAME8	0	OBJECT_ID
213	1	0	CHANNEL_LOG_TABLE_FIELD_ENABLED8	0	Y
214	1	0	CHANNEL_LOG_TABLE_FIELD_ID9	0	OBJECT_REVISION
215	1	0	CHANNEL_LOG_TABLE_FIELD_NAME9	0	OBJECT_REVISION
216	1	0	CHANNEL_LOG_TABLE_FIELD_ENABLED9	0	Y
217	1	0	CHANNEL_LOG_TABLE_FIELD_ID10	0	PARENT_CHANNEL_ID
218	1	0	CHANNEL_LOG_TABLE_FIELD_NAME10	0	PARENT_CHANNEL_ID
219	1	0	CHANNEL_LOG_TABLE_FIELD_ENABLED10	0	Y
220	1	0	CHANNEL_LOG_TABLE_FIELD_ID11	0	ROOT_CHANNEL_ID
221	1	0	CHANNEL_LOG_TABLE_FIELD_NAME11	0	ROOT_CHANNEL_ID
222	1	0	CHANNEL_LOG_TABLE_FIELD_ENABLED11	0	Y
1409	5	0	TRANS_LOG_TABLE_FIELD_NAME17	0	EXECUTING_SERVER
1410	5	0	TRANS_LOG_TABLE_FIELD_ENABLED17	0	N
1411	5	0	TRANS_LOG_TABLE_FIELD_ID18	0	EXECUTING_USER
1412	5	0	TRANS_LOG_TABLE_FIELD_NAME18	0	EXECUTING_USER
1413	5	0	TRANS_LOG_TABLE_FIELD_ENABLED18	0	N
1414	5	0	TRANS_LOG_TABLE_FIELD_ID19	0	CLIENT
1415	5	0	TRANS_LOG_TABLE_FIELD_NAME19	0	CLIENT
1416	5	0	TRANS_LOG_TABLE_FIELD_ENABLED19	0	N
1417	5	0	TRANSLOG_TABLE_INTERVAL	0	\N
1418	5	0	TRANSLOG_TABLE_SIZE_LIMIT	0	\N
1419	5	0	STEP_LOG_TABLE_CONNECTION_NAME	0	\N
1420	5	0	STEP_LOG_TABLE_SCHEMA_NAME	0	\N
1421	5	0	STEP_LOG_TABLE_TABLE_NAME	0	\N
1422	5	0	STEP_LOG_TABLE_TIMEOUT_IN_DAYS	0	\N
1423	5	0	STEP_LOG_TABLE_FIELD_ID0	0	ID_BATCH
1424	5	0	STEP_LOG_TABLE_FIELD_NAME0	0	ID_BATCH
1425	5	0	STEP_LOG_TABLE_FIELD_ENABLED0	0	Y
1426	5	0	STEP_LOG_TABLE_FIELD_ID1	0	CHANNEL_ID
1427	5	0	STEP_LOG_TABLE_FIELD_NAME1	0	CHANNEL_ID
1428	5	0	STEP_LOG_TABLE_FIELD_ENABLED1	0	Y
1429	5	0	STEP_LOG_TABLE_FIELD_ID2	0	LOG_DATE
1430	5	0	STEP_LOG_TABLE_FIELD_NAME2	0	LOG_DATE
1431	5	0	STEP_LOG_TABLE_FIELD_ENABLED2	0	Y
1432	5	0	STEP_LOG_TABLE_FIELD_ID3	0	TRANSNAME
1433	5	0	STEP_LOG_TABLE_FIELD_NAME3	0	TRANSNAME
1434	5	0	STEP_LOG_TABLE_FIELD_ENABLED3	0	Y
1435	5	0	STEP_LOG_TABLE_FIELD_ID4	0	STEPNAME
1436	5	0	STEP_LOG_TABLE_FIELD_NAME4	0	STEPNAME
1437	5	0	STEP_LOG_TABLE_FIELD_ENABLED4	0	Y
1438	5	0	STEP_LOG_TABLE_FIELD_ID5	0	STEP_COPY
1439	5	0	STEP_LOG_TABLE_FIELD_NAME5	0	STEP_COPY
1440	5	0	STEP_LOG_TABLE_FIELD_ENABLED5	0	Y
1441	5	0	STEP_LOG_TABLE_FIELD_ID6	0	LINES_READ
1442	5	0	STEP_LOG_TABLE_FIELD_NAME6	0	LINES_READ
1443	5	0	STEP_LOG_TABLE_FIELD_ENABLED6	0	Y
1444	5	0	STEP_LOG_TABLE_FIELD_ID7	0	LINES_WRITTEN
1445	5	0	STEP_LOG_TABLE_FIELD_NAME7	0	LINES_WRITTEN
1446	5	0	STEP_LOG_TABLE_FIELD_ENABLED7	0	Y
1447	5	0	STEP_LOG_TABLE_FIELD_ID8	0	LINES_UPDATED
1448	5	0	STEP_LOG_TABLE_FIELD_NAME8	0	LINES_UPDATED
1449	5	0	STEP_LOG_TABLE_FIELD_ENABLED8	0	Y
1450	5	0	STEP_LOG_TABLE_FIELD_ID9	0	LINES_INPUT
1451	5	0	STEP_LOG_TABLE_FIELD_NAME9	0	LINES_INPUT
1452	5	0	STEP_LOG_TABLE_FIELD_ENABLED9	0	Y
1453	5	0	STEP_LOG_TABLE_FIELD_ID10	0	LINES_OUTPUT
1454	5	0	STEP_LOG_TABLE_FIELD_NAME10	0	LINES_OUTPUT
1455	5	0	STEP_LOG_TABLE_FIELD_ENABLED10	0	Y
1456	5	0	STEP_LOG_TABLE_FIELD_ID11	0	LINES_REJECTED
1457	5	0	STEP_LOG_TABLE_FIELD_NAME11	0	LINES_REJECTED
1458	5	0	STEP_LOG_TABLE_FIELD_ENABLED11	0	Y
1459	5	0	STEP_LOG_TABLE_FIELD_ID12	0	ERRORS
1460	5	0	STEP_LOG_TABLE_FIELD_NAME12	0	ERRORS
1461	5	0	STEP_LOG_TABLE_FIELD_ENABLED12	0	Y
1462	5	0	STEP_LOG_TABLE_FIELD_ID13	0	LOG_FIELD
1463	5	0	STEP_LOG_TABLE_FIELD_NAME13	0	LOG_FIELD
1464	5	0	STEP_LOG_TABLE_FIELD_ENABLED13	0	N
1465	5	0	PERFORMANCE_LOG_TABLE_CONNECTION_NAME	0	\N
1466	5	0	PERFORMANCE_LOG_TABLE_SCHEMA_NAME	0	\N
1467	5	0	PERFORMANCE_LOG_TABLE_TABLE_NAME	0	\N
1468	5	0	PERFORMANCE_LOG_TABLE_TIMEOUT_IN_DAYS	0	\N
1469	5	0	PERFORMANCE_LOG_TABLE_FIELD_ID0	0	ID_BATCH
1470	5	0	PERFORMANCE_LOG_TABLE_FIELD_NAME0	0	ID_BATCH
1471	5	0	PERFORMANCE_LOG_TABLE_FIELD_ENABLED0	0	Y
455	3	0	LOG_INTERVAL	0	\N
456	3	0	TRANSFORMATION_TYPE	0	Normal
457	3	0	SLEEP_TIME_EMPTY	50	\N
458	3	0	SLEEP_TIME_FULL	50	\N
459	3	0	TRANS_LOG_TABLE_CONNECTION_NAME	0	\N
460	3	0	TRANS_LOG_TABLE_SCHEMA_NAME	0	\N
461	3	0	TRANS_LOG_TABLE_TABLE_NAME	0	\N
462	3	0	TRANS_LOG_TABLE_TIMEOUT_IN_DAYS	0	\N
463	3	0	TRANS_LOG_TABLE_FIELD_ID0	0	ID_BATCH
464	3	0	TRANS_LOG_TABLE_FIELD_NAME0	0	ID_BATCH
465	3	0	TRANS_LOG_TABLE_FIELD_ENABLED0	0	Y
466	3	0	TRANS_LOG_TABLE_FIELD_ID1	0	CHANNEL_ID
467	3	0	TRANS_LOG_TABLE_FIELD_NAME1	0	CHANNEL_ID
468	3	0	TRANS_LOG_TABLE_FIELD_ENABLED1	0	Y
469	3	0	TRANS_LOG_TABLE_FIELD_ID2	0	TRANSNAME
470	3	0	TRANS_LOG_TABLE_FIELD_NAME2	0	TRANSNAME
471	3	0	TRANS_LOG_TABLE_FIELD_ENABLED2	0	Y
472	3	0	TRANS_LOG_TABLE_FIELD_ID3	0	STATUS
473	3	0	TRANS_LOG_TABLE_FIELD_NAME3	0	STATUS
474	3	0	TRANS_LOG_TABLE_FIELD_ENABLED3	0	Y
475	3	0	TRANS_LOG_TABLE_FIELD_ID4	0	LINES_READ
476	3	0	TRANS_LOG_TABLE_FIELD_NAME4	0	LINES_READ
477	3	0	TRANS_LOG_TABLE_FIELD_ENABLED4	0	Y
478	3	0	TRANS_LOG_TABLE_FIELD_SUBJECT4	0	\N
479	3	0	TRANS_LOG_TABLE_FIELD_ID5	0	LINES_WRITTEN
480	3	0	TRANS_LOG_TABLE_FIELD_NAME5	0	LINES_WRITTEN
481	3	0	TRANS_LOG_TABLE_FIELD_ENABLED5	0	Y
482	3	0	TRANS_LOG_TABLE_FIELD_SUBJECT5	0	\N
483	3	0	TRANS_LOG_TABLE_FIELD_ID6	0	LINES_UPDATED
484	3	0	TRANS_LOG_TABLE_FIELD_NAME6	0	LINES_UPDATED
485	3	0	TRANS_LOG_TABLE_FIELD_ENABLED6	0	Y
486	3	0	TRANS_LOG_TABLE_FIELD_SUBJECT6	0	\N
487	3	0	TRANS_LOG_TABLE_FIELD_ID7	0	LINES_INPUT
488	3	0	TRANS_LOG_TABLE_FIELD_NAME7	0	LINES_INPUT
489	3	0	TRANS_LOG_TABLE_FIELD_ENABLED7	0	Y
490	3	0	TRANS_LOG_TABLE_FIELD_SUBJECT7	0	\N
491	3	0	TRANS_LOG_TABLE_FIELD_ID8	0	LINES_OUTPUT
492	3	0	TRANS_LOG_TABLE_FIELD_NAME8	0	LINES_OUTPUT
493	3	0	TRANS_LOG_TABLE_FIELD_ENABLED8	0	Y
494	3	0	TRANS_LOG_TABLE_FIELD_SUBJECT8	0	\N
495	3	0	TRANS_LOG_TABLE_FIELD_ID9	0	LINES_REJECTED
496	3	0	TRANS_LOG_TABLE_FIELD_NAME9	0	LINES_REJECTED
497	3	0	TRANS_LOG_TABLE_FIELD_ENABLED9	0	Y
498	3	0	TRANS_LOG_TABLE_FIELD_SUBJECT9	0	\N
499	3	0	TRANS_LOG_TABLE_FIELD_ID10	0	ERRORS
500	3	0	TRANS_LOG_TABLE_FIELD_NAME10	0	ERRORS
501	3	0	TRANS_LOG_TABLE_FIELD_ENABLED10	0	Y
502	3	0	TRANS_LOG_TABLE_FIELD_ID11	0	STARTDATE
503	3	0	TRANS_LOG_TABLE_FIELD_NAME11	0	STARTDATE
504	3	0	TRANS_LOG_TABLE_FIELD_ENABLED11	0	Y
505	3	0	TRANS_LOG_TABLE_FIELD_ID12	0	ENDDATE
506	3	0	TRANS_LOG_TABLE_FIELD_NAME12	0	ENDDATE
507	3	0	TRANS_LOG_TABLE_FIELD_ENABLED12	0	Y
508	3	0	TRANS_LOG_TABLE_FIELD_ID13	0	LOGDATE
509	3	0	TRANS_LOG_TABLE_FIELD_NAME13	0	LOGDATE
510	3	0	TRANS_LOG_TABLE_FIELD_ENABLED13	0	Y
511	3	0	TRANS_LOG_TABLE_FIELD_ID14	0	DEPDATE
512	3	0	TRANS_LOG_TABLE_FIELD_NAME14	0	DEPDATE
513	3	0	TRANS_LOG_TABLE_FIELD_ENABLED14	0	Y
514	3	0	TRANS_LOG_TABLE_FIELD_ID15	0	REPLAYDATE
515	3	0	TRANS_LOG_TABLE_FIELD_NAME15	0	REPLAYDATE
516	3	0	TRANS_LOG_TABLE_FIELD_ENABLED15	0	Y
517	3	0	TRANS_LOG_TABLE_FIELD_ID16	0	LOG_FIELD
518	3	0	TRANS_LOG_TABLE_FIELD_NAME16	0	LOG_FIELD
519	3	0	TRANS_LOG_TABLE_FIELD_ENABLED16	0	Y
520	3	0	TRANS_LOG_TABLE_FIELD_ID17	0	EXECUTING_SERVER
521	3	0	TRANS_LOG_TABLE_FIELD_NAME17	0	EXECUTING_SERVER
522	3	0	TRANS_LOG_TABLE_FIELD_ENABLED17	0	N
523	3	0	TRANS_LOG_TABLE_FIELD_ID18	0	EXECUTING_USER
524	3	0	TRANS_LOG_TABLE_FIELD_NAME18	0	EXECUTING_USER
525	3	0	TRANS_LOG_TABLE_FIELD_ENABLED18	0	N
526	3	0	TRANS_LOG_TABLE_FIELD_ID19	0	CLIENT
527	3	0	TRANS_LOG_TABLE_FIELD_NAME19	0	CLIENT
528	3	0	TRANS_LOG_TABLE_FIELD_ENABLED19	0	N
529	3	0	TRANSLOG_TABLE_INTERVAL	0	\N
530	3	0	TRANSLOG_TABLE_SIZE_LIMIT	0	\N
531	3	0	STEP_LOG_TABLE_CONNECTION_NAME	0	\N
532	3	0	STEP_LOG_TABLE_SCHEMA_NAME	0	\N
533	3	0	STEP_LOG_TABLE_TABLE_NAME	0	\N
534	3	0	STEP_LOG_TABLE_TIMEOUT_IN_DAYS	0	\N
535	3	0	STEP_LOG_TABLE_FIELD_ID0	0	ID_BATCH
536	3	0	STEP_LOG_TABLE_FIELD_NAME0	0	ID_BATCH
537	3	0	STEP_LOG_TABLE_FIELD_ENABLED0	0	Y
538	3	0	STEP_LOG_TABLE_FIELD_ID1	0	CHANNEL_ID
1472	5	0	PERFORMANCE_LOG_TABLE_FIELD_ID1	0	SEQ_NR
1473	5	0	PERFORMANCE_LOG_TABLE_FIELD_NAME1	0	SEQ_NR
1474	5	0	PERFORMANCE_LOG_TABLE_FIELD_ENABLED1	0	Y
1475	5	0	PERFORMANCE_LOG_TABLE_FIELD_ID2	0	LOGDATE
1476	5	0	PERFORMANCE_LOG_TABLE_FIELD_NAME2	0	LOGDATE
1477	5	0	PERFORMANCE_LOG_TABLE_FIELD_ENABLED2	0	Y
1478	5	0	PERFORMANCE_LOG_TABLE_FIELD_ID3	0	TRANSNAME
1479	5	0	PERFORMANCE_LOG_TABLE_FIELD_NAME3	0	TRANSNAME
1480	5	0	PERFORMANCE_LOG_TABLE_FIELD_ENABLED3	0	Y
1481	5	0	PERFORMANCE_LOG_TABLE_FIELD_ID4	0	STEPNAME
1482	5	0	PERFORMANCE_LOG_TABLE_FIELD_NAME4	0	STEPNAME
1483	5	0	PERFORMANCE_LOG_TABLE_FIELD_ENABLED4	0	Y
1484	5	0	PERFORMANCE_LOG_TABLE_FIELD_ID5	0	STEP_COPY
1485	5	0	PERFORMANCE_LOG_TABLE_FIELD_NAME5	0	STEP_COPY
1486	5	0	PERFORMANCE_LOG_TABLE_FIELD_ENABLED5	0	Y
1487	5	0	PERFORMANCE_LOG_TABLE_FIELD_ID6	0	LINES_READ
1488	5	0	PERFORMANCE_LOG_TABLE_FIELD_NAME6	0	LINES_READ
1489	5	0	PERFORMANCE_LOG_TABLE_FIELD_ENABLED6	0	Y
1490	5	0	PERFORMANCE_LOG_TABLE_FIELD_ID7	0	LINES_WRITTEN
1491	5	0	PERFORMANCE_LOG_TABLE_FIELD_NAME7	0	LINES_WRITTEN
1492	5	0	PERFORMANCE_LOG_TABLE_FIELD_ENABLED7	0	Y
1493	5	0	PERFORMANCE_LOG_TABLE_FIELD_ID8	0	LINES_UPDATED
1494	5	0	PERFORMANCE_LOG_TABLE_FIELD_NAME8	0	LINES_UPDATED
1495	5	0	PERFORMANCE_LOG_TABLE_FIELD_ENABLED8	0	Y
1496	5	0	PERFORMANCE_LOG_TABLE_FIELD_ID9	0	LINES_INPUT
1497	5	0	PERFORMANCE_LOG_TABLE_FIELD_NAME9	0	LINES_INPUT
1498	5	0	PERFORMANCE_LOG_TABLE_FIELD_ENABLED9	0	Y
1499	5	0	PERFORMANCE_LOG_TABLE_FIELD_ID10	0	LINES_OUTPUT
1500	5	0	PERFORMANCE_LOG_TABLE_FIELD_NAME10	0	LINES_OUTPUT
1501	5	0	PERFORMANCE_LOG_TABLE_FIELD_ENABLED10	0	Y
1502	5	0	PERFORMANCE_LOG_TABLE_FIELD_ID11	0	LINES_REJECTED
1503	5	0	PERFORMANCE_LOG_TABLE_FIELD_NAME11	0	LINES_REJECTED
1504	5	0	PERFORMANCE_LOG_TABLE_FIELD_ENABLED11	0	Y
1505	5	0	PERFORMANCE_LOG_TABLE_FIELD_ID12	0	ERRORS
1506	5	0	PERFORMANCE_LOG_TABLE_FIELD_NAME12	0	ERRORS
1507	5	0	PERFORMANCE_LOG_TABLE_FIELD_ENABLED12	0	Y
1508	5	0	PERFORMANCE_LOG_TABLE_FIELD_ID13	0	INPUT_BUFFER_ROWS
1509	5	0	PERFORMANCE_LOG_TABLE_FIELD_NAME13	0	INPUT_BUFFER_ROWS
1510	5	0	PERFORMANCE_LOG_TABLE_FIELD_ENABLED13	0	Y
1511	5	0	PERFORMANCE_LOG_TABLE_FIELD_ID14	0	OUTPUT_BUFFER_ROWS
1512	5	0	PERFORMANCE_LOG_TABLE_FIELD_NAME14	0	OUTPUT_BUFFER_ROWS
1513	5	0	PERFORMANCE_LOG_TABLE_FIELD_ENABLED14	0	Y
1514	5	0	PERFORMANCELOG_TABLE_INTERVAL	0	\N
1515	5	0	CHANNEL_LOG_TABLE_CONNECTION_NAME	0	\N
1516	5	0	CHANNEL_LOG_TABLE_SCHEMA_NAME	0	\N
1517	5	0	CHANNEL_LOG_TABLE_TABLE_NAME	0	\N
1518	5	0	CHANNEL_LOG_TABLE_TIMEOUT_IN_DAYS	0	\N
1519	5	0	CHANNEL_LOG_TABLE_FIELD_ID0	0	ID_BATCH
1520	5	0	CHANNEL_LOG_TABLE_FIELD_NAME0	0	ID_BATCH
1521	5	0	CHANNEL_LOG_TABLE_FIELD_ENABLED0	0	Y
1522	5	0	CHANNEL_LOG_TABLE_FIELD_ID1	0	CHANNEL_ID
1523	5	0	CHANNEL_LOG_TABLE_FIELD_NAME1	0	CHANNEL_ID
1524	5	0	CHANNEL_LOG_TABLE_FIELD_ENABLED1	0	Y
1525	5	0	CHANNEL_LOG_TABLE_FIELD_ID2	0	LOG_DATE
1526	5	0	CHANNEL_LOG_TABLE_FIELD_NAME2	0	LOG_DATE
1527	5	0	CHANNEL_LOG_TABLE_FIELD_ENABLED2	0	Y
1528	5	0	CHANNEL_LOG_TABLE_FIELD_ID3	0	LOGGING_OBJECT_TYPE
1529	5	0	CHANNEL_LOG_TABLE_FIELD_NAME3	0	LOGGING_OBJECT_TYPE
1530	5	0	CHANNEL_LOG_TABLE_FIELD_ENABLED3	0	Y
1531	5	0	CHANNEL_LOG_TABLE_FIELD_ID4	0	OBJECT_NAME
1532	5	0	CHANNEL_LOG_TABLE_FIELD_NAME4	0	OBJECT_NAME
1533	5	0	CHANNEL_LOG_TABLE_FIELD_ENABLED4	0	Y
1534	5	0	CHANNEL_LOG_TABLE_FIELD_ID5	0	OBJECT_COPY
1535	5	0	CHANNEL_LOG_TABLE_FIELD_NAME5	0	OBJECT_COPY
1536	5	0	CHANNEL_LOG_TABLE_FIELD_ENABLED5	0	Y
1537	5	0	CHANNEL_LOG_TABLE_FIELD_ID6	0	REPOSITORY_DIRECTORY
1538	5	0	CHANNEL_LOG_TABLE_FIELD_NAME6	0	REPOSITORY_DIRECTORY
1539	5	0	CHANNEL_LOG_TABLE_FIELD_ENABLED6	0	Y
1540	5	0	CHANNEL_LOG_TABLE_FIELD_ID7	0	FILENAME
1541	5	0	CHANNEL_LOG_TABLE_FIELD_NAME7	0	FILENAME
1542	5	0	CHANNEL_LOG_TABLE_FIELD_ENABLED7	0	Y
1543	5	0	CHANNEL_LOG_TABLE_FIELD_ID8	0	OBJECT_ID
445	3	0	UNIQUE_CONNECTIONS	0	N
446	3	0	FEEDBACK_SHOWN	0	Y
447	3	0	FEEDBACK_SIZE	50000	\N
448	3	0	USING_THREAD_PRIORITIES	0	Y
449	3	0	SHARED_FILE	0	\N
450	3	0	CAPTURE_STEP_PERFORMANCE	0	N
451	3	0	STEP_PERFORMANCE_CAPTURING_DELAY	1000	\N
452	3	0	STEP_PERFORMANCE_CAPTURING_SIZE_LIMIT	0	100
453	3	0	STEP_PERFORMANCE_LOG_TABLE	0	\N
454	3	0	LOG_SIZE_LIMIT	0	\N
539	3	0	STEP_LOG_TABLE_FIELD_NAME1	0	CHANNEL_ID
540	3	0	STEP_LOG_TABLE_FIELD_ENABLED1	0	Y
541	3	0	STEP_LOG_TABLE_FIELD_ID2	0	LOG_DATE
542	3	0	STEP_LOG_TABLE_FIELD_NAME2	0	LOG_DATE
543	3	0	STEP_LOG_TABLE_FIELD_ENABLED2	0	Y
544	3	0	STEP_LOG_TABLE_FIELD_ID3	0	TRANSNAME
545	3	0	STEP_LOG_TABLE_FIELD_NAME3	0	TRANSNAME
546	3	0	STEP_LOG_TABLE_FIELD_ENABLED3	0	Y
547	3	0	STEP_LOG_TABLE_FIELD_ID4	0	STEPNAME
548	3	0	STEP_LOG_TABLE_FIELD_NAME4	0	STEPNAME
549	3	0	STEP_LOG_TABLE_FIELD_ENABLED4	0	Y
550	3	0	STEP_LOG_TABLE_FIELD_ID5	0	STEP_COPY
551	3	0	STEP_LOG_TABLE_FIELD_NAME5	0	STEP_COPY
552	3	0	STEP_LOG_TABLE_FIELD_ENABLED5	0	Y
553	3	0	STEP_LOG_TABLE_FIELD_ID6	0	LINES_READ
554	3	0	STEP_LOG_TABLE_FIELD_NAME6	0	LINES_READ
555	3	0	STEP_LOG_TABLE_FIELD_ENABLED6	0	Y
556	3	0	STEP_LOG_TABLE_FIELD_ID7	0	LINES_WRITTEN
557	3	0	STEP_LOG_TABLE_FIELD_NAME7	0	LINES_WRITTEN
558	3	0	STEP_LOG_TABLE_FIELD_ENABLED7	0	Y
559	3	0	STEP_LOG_TABLE_FIELD_ID8	0	LINES_UPDATED
560	3	0	STEP_LOG_TABLE_FIELD_NAME8	0	LINES_UPDATED
561	3	0	STEP_LOG_TABLE_FIELD_ENABLED8	0	Y
562	3	0	STEP_LOG_TABLE_FIELD_ID9	0	LINES_INPUT
563	3	0	STEP_LOG_TABLE_FIELD_NAME9	0	LINES_INPUT
564	3	0	STEP_LOG_TABLE_FIELD_ENABLED9	0	Y
565	3	0	STEP_LOG_TABLE_FIELD_ID10	0	LINES_OUTPUT
566	3	0	STEP_LOG_TABLE_FIELD_NAME10	0	LINES_OUTPUT
567	3	0	STEP_LOG_TABLE_FIELD_ENABLED10	0	Y
568	3	0	STEP_LOG_TABLE_FIELD_ID11	0	LINES_REJECTED
569	3	0	STEP_LOG_TABLE_FIELD_NAME11	0	LINES_REJECTED
570	3	0	STEP_LOG_TABLE_FIELD_ENABLED11	0	Y
571	3	0	STEP_LOG_TABLE_FIELD_ID12	0	ERRORS
572	3	0	STEP_LOG_TABLE_FIELD_NAME12	0	ERRORS
573	3	0	STEP_LOG_TABLE_FIELD_ENABLED12	0	Y
574	3	0	STEP_LOG_TABLE_FIELD_ID13	0	LOG_FIELD
575	3	0	STEP_LOG_TABLE_FIELD_NAME13	0	LOG_FIELD
576	3	0	STEP_LOG_TABLE_FIELD_ENABLED13	0	N
577	3	0	PERFORMANCE_LOG_TABLE_CONNECTION_NAME	0	\N
578	3	0	PERFORMANCE_LOG_TABLE_SCHEMA_NAME	0	\N
579	3	0	PERFORMANCE_LOG_TABLE_TABLE_NAME	0	\N
580	3	0	PERFORMANCE_LOG_TABLE_TIMEOUT_IN_DAYS	0	\N
581	3	0	PERFORMANCE_LOG_TABLE_FIELD_ID0	0	ID_BATCH
582	3	0	PERFORMANCE_LOG_TABLE_FIELD_NAME0	0	ID_BATCH
583	3	0	PERFORMANCE_LOG_TABLE_FIELD_ENABLED0	0	Y
584	3	0	PERFORMANCE_LOG_TABLE_FIELD_ID1	0	SEQ_NR
585	3	0	PERFORMANCE_LOG_TABLE_FIELD_NAME1	0	SEQ_NR
586	3	0	PERFORMANCE_LOG_TABLE_FIELD_ENABLED1	0	Y
587	3	0	PERFORMANCE_LOG_TABLE_FIELD_ID2	0	LOGDATE
588	3	0	PERFORMANCE_LOG_TABLE_FIELD_NAME2	0	LOGDATE
589	3	0	PERFORMANCE_LOG_TABLE_FIELD_ENABLED2	0	Y
590	3	0	PERFORMANCE_LOG_TABLE_FIELD_ID3	0	TRANSNAME
591	3	0	PERFORMANCE_LOG_TABLE_FIELD_NAME3	0	TRANSNAME
592	3	0	PERFORMANCE_LOG_TABLE_FIELD_ENABLED3	0	Y
593	3	0	PERFORMANCE_LOG_TABLE_FIELD_ID4	0	STEPNAME
594	3	0	PERFORMANCE_LOG_TABLE_FIELD_NAME4	0	STEPNAME
595	3	0	PERFORMANCE_LOG_TABLE_FIELD_ENABLED4	0	Y
596	3	0	PERFORMANCE_LOG_TABLE_FIELD_ID5	0	STEP_COPY
597	3	0	PERFORMANCE_LOG_TABLE_FIELD_NAME5	0	STEP_COPY
598	3	0	PERFORMANCE_LOG_TABLE_FIELD_ENABLED5	0	Y
599	3	0	PERFORMANCE_LOG_TABLE_FIELD_ID6	0	LINES_READ
600	3	0	PERFORMANCE_LOG_TABLE_FIELD_NAME6	0	LINES_READ
601	3	0	PERFORMANCE_LOG_TABLE_FIELD_ENABLED6	0	Y
602	3	0	PERFORMANCE_LOG_TABLE_FIELD_ID7	0	LINES_WRITTEN
603	3	0	PERFORMANCE_LOG_TABLE_FIELD_NAME7	0	LINES_WRITTEN
604	3	0	PERFORMANCE_LOG_TABLE_FIELD_ENABLED7	0	Y
605	3	0	PERFORMANCE_LOG_TABLE_FIELD_ID8	0	LINES_UPDATED
606	3	0	PERFORMANCE_LOG_TABLE_FIELD_NAME8	0	LINES_UPDATED
607	3	0	PERFORMANCE_LOG_TABLE_FIELD_ENABLED8	0	Y
608	3	0	PERFORMANCE_LOG_TABLE_FIELD_ID9	0	LINES_INPUT
609	3	0	PERFORMANCE_LOG_TABLE_FIELD_NAME9	0	LINES_INPUT
610	3	0	PERFORMANCE_LOG_TABLE_FIELD_ENABLED9	0	Y
611	3	0	PERFORMANCE_LOG_TABLE_FIELD_ID10	0	LINES_OUTPUT
612	3	0	PERFORMANCE_LOG_TABLE_FIELD_NAME10	0	LINES_OUTPUT
613	3	0	PERFORMANCE_LOG_TABLE_FIELD_ENABLED10	0	Y
614	3	0	PERFORMANCE_LOG_TABLE_FIELD_ID11	0	LINES_REJECTED
615	3	0	PERFORMANCE_LOG_TABLE_FIELD_NAME11	0	LINES_REJECTED
616	3	0	PERFORMANCE_LOG_TABLE_FIELD_ENABLED11	0	Y
617	3	0	PERFORMANCE_LOG_TABLE_FIELD_ID12	0	ERRORS
618	3	0	PERFORMANCE_LOG_TABLE_FIELD_NAME12	0	ERRORS
619	3	0	PERFORMANCE_LOG_TABLE_FIELD_ENABLED12	0	Y
620	3	0	PERFORMANCE_LOG_TABLE_FIELD_ID13	0	INPUT_BUFFER_ROWS
621	3	0	PERFORMANCE_LOG_TABLE_FIELD_NAME13	0	INPUT_BUFFER_ROWS
622	3	0	PERFORMANCE_LOG_TABLE_FIELD_ENABLED13	0	Y
623	3	0	PERFORMANCE_LOG_TABLE_FIELD_ID14	0	OUTPUT_BUFFER_ROWS
624	3	0	PERFORMANCE_LOG_TABLE_FIELD_NAME14	0	OUTPUT_BUFFER_ROWS
625	3	0	PERFORMANCE_LOG_TABLE_FIELD_ENABLED14	0	Y
626	3	0	PERFORMANCELOG_TABLE_INTERVAL	0	\N
627	3	0	CHANNEL_LOG_TABLE_CONNECTION_NAME	0	\N
628	3	0	CHANNEL_LOG_TABLE_SCHEMA_NAME	0	\N
629	3	0	CHANNEL_LOG_TABLE_TABLE_NAME	0	\N
630	3	0	CHANNEL_LOG_TABLE_TIMEOUT_IN_DAYS	0	\N
631	3	0	CHANNEL_LOG_TABLE_FIELD_ID0	0	ID_BATCH
632	3	0	CHANNEL_LOG_TABLE_FIELD_NAME0	0	ID_BATCH
633	3	0	CHANNEL_LOG_TABLE_FIELD_ENABLED0	0	Y
634	3	0	CHANNEL_LOG_TABLE_FIELD_ID1	0	CHANNEL_ID
635	3	0	CHANNEL_LOG_TABLE_FIELD_NAME1	0	CHANNEL_ID
636	3	0	CHANNEL_LOG_TABLE_FIELD_ENABLED1	0	Y
637	3	0	CHANNEL_LOG_TABLE_FIELD_ID2	0	LOG_DATE
638	3	0	CHANNEL_LOG_TABLE_FIELD_NAME2	0	LOG_DATE
639	3	0	CHANNEL_LOG_TABLE_FIELD_ENABLED2	0	Y
640	3	0	CHANNEL_LOG_TABLE_FIELD_ID3	0	LOGGING_OBJECT_TYPE
641	3	0	CHANNEL_LOG_TABLE_FIELD_NAME3	0	LOGGING_OBJECT_TYPE
642	3	0	CHANNEL_LOG_TABLE_FIELD_ENABLED3	0	Y
643	3	0	CHANNEL_LOG_TABLE_FIELD_ID4	0	OBJECT_NAME
644	3	0	CHANNEL_LOG_TABLE_FIELD_NAME4	0	OBJECT_NAME
645	3	0	CHANNEL_LOG_TABLE_FIELD_ENABLED4	0	Y
646	3	0	CHANNEL_LOG_TABLE_FIELD_ID5	0	OBJECT_COPY
647	3	0	CHANNEL_LOG_TABLE_FIELD_NAME5	0	OBJECT_COPY
648	3	0	CHANNEL_LOG_TABLE_FIELD_ENABLED5	0	Y
649	3	0	CHANNEL_LOG_TABLE_FIELD_ID6	0	REPOSITORY_DIRECTORY
650	3	0	CHANNEL_LOG_TABLE_FIELD_NAME6	0	REPOSITORY_DIRECTORY
651	3	0	CHANNEL_LOG_TABLE_FIELD_ENABLED6	0	Y
652	3	0	CHANNEL_LOG_TABLE_FIELD_ID7	0	FILENAME
653	3	0	CHANNEL_LOG_TABLE_FIELD_NAME7	0	FILENAME
654	3	0	CHANNEL_LOG_TABLE_FIELD_ENABLED7	0	Y
655	3	0	CHANNEL_LOG_TABLE_FIELD_ID8	0	OBJECT_ID
656	3	0	CHANNEL_LOG_TABLE_FIELD_NAME8	0	OBJECT_ID
657	3	0	CHANNEL_LOG_TABLE_FIELD_ENABLED8	0	Y
658	3	0	CHANNEL_LOG_TABLE_FIELD_ID9	0	OBJECT_REVISION
659	3	0	CHANNEL_LOG_TABLE_FIELD_NAME9	0	OBJECT_REVISION
660	3	0	CHANNEL_LOG_TABLE_FIELD_ENABLED9	0	Y
661	3	0	CHANNEL_LOG_TABLE_FIELD_ID10	0	PARENT_CHANNEL_ID
662	3	0	CHANNEL_LOG_TABLE_FIELD_NAME10	0	PARENT_CHANNEL_ID
663	3	0	CHANNEL_LOG_TABLE_FIELD_ENABLED10	0	Y
664	3	0	CHANNEL_LOG_TABLE_FIELD_ID11	0	ROOT_CHANNEL_ID
665	3	0	CHANNEL_LOG_TABLE_FIELD_NAME11	0	ROOT_CHANNEL_ID
666	3	0	CHANNEL_LOG_TABLE_FIELD_ENABLED11	0	Y
1544	5	0	CHANNEL_LOG_TABLE_FIELD_NAME8	0	OBJECT_ID
1545	5	0	CHANNEL_LOG_TABLE_FIELD_ENABLED8	0	Y
1546	5	0	CHANNEL_LOG_TABLE_FIELD_ID9	0	OBJECT_REVISION
1547	5	0	CHANNEL_LOG_TABLE_FIELD_NAME9	0	OBJECT_REVISION
1548	5	0	CHANNEL_LOG_TABLE_FIELD_ENABLED9	0	Y
1549	5	0	CHANNEL_LOG_TABLE_FIELD_ID10	0	PARENT_CHANNEL_ID
1550	5	0	CHANNEL_LOG_TABLE_FIELD_NAME10	0	PARENT_CHANNEL_ID
1551	5	0	CHANNEL_LOG_TABLE_FIELD_ENABLED10	0	Y
1552	5	0	CHANNEL_LOG_TABLE_FIELD_ID11	0	ROOT_CHANNEL_ID
1553	5	0	CHANNEL_LOG_TABLE_FIELD_NAME11	0	ROOT_CHANNEL_ID
1554	5	0	CHANNEL_LOG_TABLE_FIELD_ENABLED11	0	Y
667	4	0	UNIQUE_CONNECTIONS	0	N
668	4	0	FEEDBACK_SHOWN	0	Y
669	4	0	FEEDBACK_SIZE	50000	\N
670	4	0	USING_THREAD_PRIORITIES	0	Y
671	4	0	SHARED_FILE	0	\N
672	4	0	CAPTURE_STEP_PERFORMANCE	0	N
673	4	0	STEP_PERFORMANCE_CAPTURING_DELAY	1000	\N
674	4	0	STEP_PERFORMANCE_CAPTURING_SIZE_LIMIT	0	100
675	4	0	STEP_PERFORMANCE_LOG_TABLE	0	\N
676	4	0	LOG_SIZE_LIMIT	0	\N
677	4	0	LOG_INTERVAL	0	\N
678	4	0	TRANSFORMATION_TYPE	0	Normal
679	4	0	SLEEP_TIME_EMPTY	50	\N
680	4	0	SLEEP_TIME_FULL	50	\N
681	4	0	TRANS_LOG_TABLE_CONNECTION_NAME	0	\N
682	4	0	TRANS_LOG_TABLE_SCHEMA_NAME	0	\N
683	4	0	TRANS_LOG_TABLE_TABLE_NAME	0	\N
684	4	0	TRANS_LOG_TABLE_TIMEOUT_IN_DAYS	0	\N
685	4	0	TRANS_LOG_TABLE_FIELD_ID0	0	ID_BATCH
686	4	0	TRANS_LOG_TABLE_FIELD_NAME0	0	ID_BATCH
687	4	0	TRANS_LOG_TABLE_FIELD_ENABLED0	0	Y
688	4	0	TRANS_LOG_TABLE_FIELD_ID1	0	CHANNEL_ID
689	4	0	TRANS_LOG_TABLE_FIELD_NAME1	0	CHANNEL_ID
690	4	0	TRANS_LOG_TABLE_FIELD_ENABLED1	0	Y
691	4	0	TRANS_LOG_TABLE_FIELD_ID2	0	TRANSNAME
692	4	0	TRANS_LOG_TABLE_FIELD_NAME2	0	TRANSNAME
693	4	0	TRANS_LOG_TABLE_FIELD_ENABLED2	0	Y
694	4	0	TRANS_LOG_TABLE_FIELD_ID3	0	STATUS
695	4	0	TRANS_LOG_TABLE_FIELD_NAME3	0	STATUS
696	4	0	TRANS_LOG_TABLE_FIELD_ENABLED3	0	Y
697	4	0	TRANS_LOG_TABLE_FIELD_ID4	0	LINES_READ
698	4	0	TRANS_LOG_TABLE_FIELD_NAME4	0	LINES_READ
699	4	0	TRANS_LOG_TABLE_FIELD_ENABLED4	0	Y
700	4	0	TRANS_LOG_TABLE_FIELD_SUBJECT4	0	\N
701	4	0	TRANS_LOG_TABLE_FIELD_ID5	0	LINES_WRITTEN
702	4	0	TRANS_LOG_TABLE_FIELD_NAME5	0	LINES_WRITTEN
703	4	0	TRANS_LOG_TABLE_FIELD_ENABLED5	0	Y
704	4	0	TRANS_LOG_TABLE_FIELD_SUBJECT5	0	\N
705	4	0	TRANS_LOG_TABLE_FIELD_ID6	0	LINES_UPDATED
706	4	0	TRANS_LOG_TABLE_FIELD_NAME6	0	LINES_UPDATED
707	4	0	TRANS_LOG_TABLE_FIELD_ENABLED6	0	Y
708	4	0	TRANS_LOG_TABLE_FIELD_SUBJECT6	0	\N
709	4	0	TRANS_LOG_TABLE_FIELD_ID7	0	LINES_INPUT
710	4	0	TRANS_LOG_TABLE_FIELD_NAME7	0	LINES_INPUT
711	4	0	TRANS_LOG_TABLE_FIELD_ENABLED7	0	Y
712	4	0	TRANS_LOG_TABLE_FIELD_SUBJECT7	0	\N
713	4	0	TRANS_LOG_TABLE_FIELD_ID8	0	LINES_OUTPUT
714	4	0	TRANS_LOG_TABLE_FIELD_NAME8	0	LINES_OUTPUT
715	4	0	TRANS_LOG_TABLE_FIELD_ENABLED8	0	Y
716	4	0	TRANS_LOG_TABLE_FIELD_SUBJECT8	0	\N
717	4	0	TRANS_LOG_TABLE_FIELD_ID9	0	LINES_REJECTED
718	4	0	TRANS_LOG_TABLE_FIELD_NAME9	0	LINES_REJECTED
719	4	0	TRANS_LOG_TABLE_FIELD_ENABLED9	0	Y
720	4	0	TRANS_LOG_TABLE_FIELD_SUBJECT9	0	\N
721	4	0	TRANS_LOG_TABLE_FIELD_ID10	0	ERRORS
722	4	0	TRANS_LOG_TABLE_FIELD_NAME10	0	ERRORS
723	4	0	TRANS_LOG_TABLE_FIELD_ENABLED10	0	Y
724	4	0	TRANS_LOG_TABLE_FIELD_ID11	0	STARTDATE
725	4	0	TRANS_LOG_TABLE_FIELD_NAME11	0	STARTDATE
726	4	0	TRANS_LOG_TABLE_FIELD_ENABLED11	0	Y
727	4	0	TRANS_LOG_TABLE_FIELD_ID12	0	ENDDATE
728	4	0	TRANS_LOG_TABLE_FIELD_NAME12	0	ENDDATE
729	4	0	TRANS_LOG_TABLE_FIELD_ENABLED12	0	Y
730	4	0	TRANS_LOG_TABLE_FIELD_ID13	0	LOGDATE
731	4	0	TRANS_LOG_TABLE_FIELD_NAME13	0	LOGDATE
732	4	0	TRANS_LOG_TABLE_FIELD_ENABLED13	0	Y
733	4	0	TRANS_LOG_TABLE_FIELD_ID14	0	DEPDATE
734	4	0	TRANS_LOG_TABLE_FIELD_NAME14	0	DEPDATE
735	4	0	TRANS_LOG_TABLE_FIELD_ENABLED14	0	Y
736	4	0	TRANS_LOG_TABLE_FIELD_ID15	0	REPLAYDATE
737	4	0	TRANS_LOG_TABLE_FIELD_NAME15	0	REPLAYDATE
738	4	0	TRANS_LOG_TABLE_FIELD_ENABLED15	0	Y
739	4	0	TRANS_LOG_TABLE_FIELD_ID16	0	LOG_FIELD
740	4	0	TRANS_LOG_TABLE_FIELD_NAME16	0	LOG_FIELD
741	4	0	TRANS_LOG_TABLE_FIELD_ENABLED16	0	Y
742	4	0	TRANS_LOG_TABLE_FIELD_ID17	0	EXECUTING_SERVER
743	4	0	TRANS_LOG_TABLE_FIELD_NAME17	0	EXECUTING_SERVER
744	4	0	TRANS_LOG_TABLE_FIELD_ENABLED17	0	N
745	4	0	TRANS_LOG_TABLE_FIELD_ID18	0	EXECUTING_USER
746	4	0	TRANS_LOG_TABLE_FIELD_NAME18	0	EXECUTING_USER
747	4	0	TRANS_LOG_TABLE_FIELD_ENABLED18	0	N
748	4	0	TRANS_LOG_TABLE_FIELD_ID19	0	CLIENT
749	4	0	TRANS_LOG_TABLE_FIELD_NAME19	0	CLIENT
750	4	0	TRANS_LOG_TABLE_FIELD_ENABLED19	0	N
751	4	0	TRANSLOG_TABLE_INTERVAL	0	\N
752	4	0	TRANSLOG_TABLE_SIZE_LIMIT	0	\N
753	4	0	STEP_LOG_TABLE_CONNECTION_NAME	0	\N
754	4	0	STEP_LOG_TABLE_SCHEMA_NAME	0	\N
755	4	0	STEP_LOG_TABLE_TABLE_NAME	0	\N
756	4	0	STEP_LOG_TABLE_TIMEOUT_IN_DAYS	0	\N
757	4	0	STEP_LOG_TABLE_FIELD_ID0	0	ID_BATCH
758	4	0	STEP_LOG_TABLE_FIELD_NAME0	0	ID_BATCH
759	4	0	STEP_LOG_TABLE_FIELD_ENABLED0	0	Y
760	4	0	STEP_LOG_TABLE_FIELD_ID1	0	CHANNEL_ID
761	4	0	STEP_LOG_TABLE_FIELD_NAME1	0	CHANNEL_ID
762	4	0	STEP_LOG_TABLE_FIELD_ENABLED1	0	Y
763	4	0	STEP_LOG_TABLE_FIELD_ID2	0	LOG_DATE
764	4	0	STEP_LOG_TABLE_FIELD_NAME2	0	LOG_DATE
765	4	0	STEP_LOG_TABLE_FIELD_ENABLED2	0	Y
766	4	0	STEP_LOG_TABLE_FIELD_ID3	0	TRANSNAME
767	4	0	STEP_LOG_TABLE_FIELD_NAME3	0	TRANSNAME
768	4	0	STEP_LOG_TABLE_FIELD_ENABLED3	0	Y
769	4	0	STEP_LOG_TABLE_FIELD_ID4	0	STEPNAME
770	4	0	STEP_LOG_TABLE_FIELD_NAME4	0	STEPNAME
771	4	0	STEP_LOG_TABLE_FIELD_ENABLED4	0	Y
772	4	0	STEP_LOG_TABLE_FIELD_ID5	0	STEP_COPY
773	4	0	STEP_LOG_TABLE_FIELD_NAME5	0	STEP_COPY
774	4	0	STEP_LOG_TABLE_FIELD_ENABLED5	0	Y
775	4	0	STEP_LOG_TABLE_FIELD_ID6	0	LINES_READ
776	4	0	STEP_LOG_TABLE_FIELD_NAME6	0	LINES_READ
777	4	0	STEP_LOG_TABLE_FIELD_ENABLED6	0	Y
778	4	0	STEP_LOG_TABLE_FIELD_ID7	0	LINES_WRITTEN
779	4	0	STEP_LOG_TABLE_FIELD_NAME7	0	LINES_WRITTEN
780	4	0	STEP_LOG_TABLE_FIELD_ENABLED7	0	Y
781	4	0	STEP_LOG_TABLE_FIELD_ID8	0	LINES_UPDATED
782	4	0	STEP_LOG_TABLE_FIELD_NAME8	0	LINES_UPDATED
783	4	0	STEP_LOG_TABLE_FIELD_ENABLED8	0	Y
784	4	0	STEP_LOG_TABLE_FIELD_ID9	0	LINES_INPUT
785	4	0	STEP_LOG_TABLE_FIELD_NAME9	0	LINES_INPUT
786	4	0	STEP_LOG_TABLE_FIELD_ENABLED9	0	Y
787	4	0	STEP_LOG_TABLE_FIELD_ID10	0	LINES_OUTPUT
788	4	0	STEP_LOG_TABLE_FIELD_NAME10	0	LINES_OUTPUT
789	4	0	STEP_LOG_TABLE_FIELD_ENABLED10	0	Y
790	4	0	STEP_LOG_TABLE_FIELD_ID11	0	LINES_REJECTED
791	4	0	STEP_LOG_TABLE_FIELD_NAME11	0	LINES_REJECTED
792	4	0	STEP_LOG_TABLE_FIELD_ENABLED11	0	Y
793	4	0	STEP_LOG_TABLE_FIELD_ID12	0	ERRORS
794	4	0	STEP_LOG_TABLE_FIELD_NAME12	0	ERRORS
795	4	0	STEP_LOG_TABLE_FIELD_ENABLED12	0	Y
796	4	0	STEP_LOG_TABLE_FIELD_ID13	0	LOG_FIELD
797	4	0	STEP_LOG_TABLE_FIELD_NAME13	0	LOG_FIELD
798	4	0	STEP_LOG_TABLE_FIELD_ENABLED13	0	N
799	4	0	PERFORMANCE_LOG_TABLE_CONNECTION_NAME	0	\N
800	4	0	PERFORMANCE_LOG_TABLE_SCHEMA_NAME	0	\N
801	4	0	PERFORMANCE_LOG_TABLE_TABLE_NAME	0	\N
802	4	0	PERFORMANCE_LOG_TABLE_TIMEOUT_IN_DAYS	0	\N
803	4	0	PERFORMANCE_LOG_TABLE_FIELD_ID0	0	ID_BATCH
804	4	0	PERFORMANCE_LOG_TABLE_FIELD_NAME0	0	ID_BATCH
805	4	0	PERFORMANCE_LOG_TABLE_FIELD_ENABLED0	0	Y
806	4	0	PERFORMANCE_LOG_TABLE_FIELD_ID1	0	SEQ_NR
807	4	0	PERFORMANCE_LOG_TABLE_FIELD_NAME1	0	SEQ_NR
808	4	0	PERFORMANCE_LOG_TABLE_FIELD_ENABLED1	0	Y
809	4	0	PERFORMANCE_LOG_TABLE_FIELD_ID2	0	LOGDATE
810	4	0	PERFORMANCE_LOG_TABLE_FIELD_NAME2	0	LOGDATE
811	4	0	PERFORMANCE_LOG_TABLE_FIELD_ENABLED2	0	Y
812	4	0	PERFORMANCE_LOG_TABLE_FIELD_ID3	0	TRANSNAME
813	4	0	PERFORMANCE_LOG_TABLE_FIELD_NAME3	0	TRANSNAME
814	4	0	PERFORMANCE_LOG_TABLE_FIELD_ENABLED3	0	Y
815	4	0	PERFORMANCE_LOG_TABLE_FIELD_ID4	0	STEPNAME
816	4	0	PERFORMANCE_LOG_TABLE_FIELD_NAME4	0	STEPNAME
817	4	0	PERFORMANCE_LOG_TABLE_FIELD_ENABLED4	0	Y
818	4	0	PERFORMANCE_LOG_TABLE_FIELD_ID5	0	STEP_COPY
819	4	0	PERFORMANCE_LOG_TABLE_FIELD_NAME5	0	STEP_COPY
820	4	0	PERFORMANCE_LOG_TABLE_FIELD_ENABLED5	0	Y
821	4	0	PERFORMANCE_LOG_TABLE_FIELD_ID6	0	LINES_READ
822	4	0	PERFORMANCE_LOG_TABLE_FIELD_NAME6	0	LINES_READ
823	4	0	PERFORMANCE_LOG_TABLE_FIELD_ENABLED6	0	Y
824	4	0	PERFORMANCE_LOG_TABLE_FIELD_ID7	0	LINES_WRITTEN
825	4	0	PERFORMANCE_LOG_TABLE_FIELD_NAME7	0	LINES_WRITTEN
826	4	0	PERFORMANCE_LOG_TABLE_FIELD_ENABLED7	0	Y
827	4	0	PERFORMANCE_LOG_TABLE_FIELD_ID8	0	LINES_UPDATED
828	4	0	PERFORMANCE_LOG_TABLE_FIELD_NAME8	0	LINES_UPDATED
829	4	0	PERFORMANCE_LOG_TABLE_FIELD_ENABLED8	0	Y
830	4	0	PERFORMANCE_LOG_TABLE_FIELD_ID9	0	LINES_INPUT
831	4	0	PERFORMANCE_LOG_TABLE_FIELD_NAME9	0	LINES_INPUT
832	4	0	PERFORMANCE_LOG_TABLE_FIELD_ENABLED9	0	Y
833	4	0	PERFORMANCE_LOG_TABLE_FIELD_ID10	0	LINES_OUTPUT
834	4	0	PERFORMANCE_LOG_TABLE_FIELD_NAME10	0	LINES_OUTPUT
835	4	0	PERFORMANCE_LOG_TABLE_FIELD_ENABLED10	0	Y
836	4	0	PERFORMANCE_LOG_TABLE_FIELD_ID11	0	LINES_REJECTED
837	4	0	PERFORMANCE_LOG_TABLE_FIELD_NAME11	0	LINES_REJECTED
838	4	0	PERFORMANCE_LOG_TABLE_FIELD_ENABLED11	0	Y
839	4	0	PERFORMANCE_LOG_TABLE_FIELD_ID12	0	ERRORS
840	4	0	PERFORMANCE_LOG_TABLE_FIELD_NAME12	0	ERRORS
841	4	0	PERFORMANCE_LOG_TABLE_FIELD_ENABLED12	0	Y
842	4	0	PERFORMANCE_LOG_TABLE_FIELD_ID13	0	INPUT_BUFFER_ROWS
843	4	0	PERFORMANCE_LOG_TABLE_FIELD_NAME13	0	INPUT_BUFFER_ROWS
844	4	0	PERFORMANCE_LOG_TABLE_FIELD_ENABLED13	0	Y
845	4	0	PERFORMANCE_LOG_TABLE_FIELD_ID14	0	OUTPUT_BUFFER_ROWS
846	4	0	PERFORMANCE_LOG_TABLE_FIELD_NAME14	0	OUTPUT_BUFFER_ROWS
847	4	0	PERFORMANCE_LOG_TABLE_FIELD_ENABLED14	0	Y
848	4	0	PERFORMANCELOG_TABLE_INTERVAL	0	\N
849	4	0	CHANNEL_LOG_TABLE_CONNECTION_NAME	0	\N
850	4	0	CHANNEL_LOG_TABLE_SCHEMA_NAME	0	\N
851	4	0	CHANNEL_LOG_TABLE_TABLE_NAME	0	\N
852	4	0	CHANNEL_LOG_TABLE_TIMEOUT_IN_DAYS	0	\N
853	4	0	CHANNEL_LOG_TABLE_FIELD_ID0	0	ID_BATCH
854	4	0	CHANNEL_LOG_TABLE_FIELD_NAME0	0	ID_BATCH
855	4	0	CHANNEL_LOG_TABLE_FIELD_ENABLED0	0	Y
856	4	0	CHANNEL_LOG_TABLE_FIELD_ID1	0	CHANNEL_ID
857	4	0	CHANNEL_LOG_TABLE_FIELD_NAME1	0	CHANNEL_ID
858	4	0	CHANNEL_LOG_TABLE_FIELD_ENABLED1	0	Y
859	4	0	CHANNEL_LOG_TABLE_FIELD_ID2	0	LOG_DATE
860	4	0	CHANNEL_LOG_TABLE_FIELD_NAME2	0	LOG_DATE
861	4	0	CHANNEL_LOG_TABLE_FIELD_ENABLED2	0	Y
862	4	0	CHANNEL_LOG_TABLE_FIELD_ID3	0	LOGGING_OBJECT_TYPE
863	4	0	CHANNEL_LOG_TABLE_FIELD_NAME3	0	LOGGING_OBJECT_TYPE
864	4	0	CHANNEL_LOG_TABLE_FIELD_ENABLED3	0	Y
865	4	0	CHANNEL_LOG_TABLE_FIELD_ID4	0	OBJECT_NAME
866	4	0	CHANNEL_LOG_TABLE_FIELD_NAME4	0	OBJECT_NAME
867	4	0	CHANNEL_LOG_TABLE_FIELD_ENABLED4	0	Y
868	4	0	CHANNEL_LOG_TABLE_FIELD_ID5	0	OBJECT_COPY
869	4	0	CHANNEL_LOG_TABLE_FIELD_NAME5	0	OBJECT_COPY
870	4	0	CHANNEL_LOG_TABLE_FIELD_ENABLED5	0	Y
871	4	0	CHANNEL_LOG_TABLE_FIELD_ID6	0	REPOSITORY_DIRECTORY
872	4	0	CHANNEL_LOG_TABLE_FIELD_NAME6	0	REPOSITORY_DIRECTORY
873	4	0	CHANNEL_LOG_TABLE_FIELD_ENABLED6	0	Y
874	4	0	CHANNEL_LOG_TABLE_FIELD_ID7	0	FILENAME
875	4	0	CHANNEL_LOG_TABLE_FIELD_NAME7	0	FILENAME
876	4	0	CHANNEL_LOG_TABLE_FIELD_ENABLED7	0	Y
877	4	0	CHANNEL_LOG_TABLE_FIELD_ID8	0	OBJECT_ID
878	4	0	CHANNEL_LOG_TABLE_FIELD_NAME8	0	OBJECT_ID
879	4	0	CHANNEL_LOG_TABLE_FIELD_ENABLED8	0	Y
880	4	0	CHANNEL_LOG_TABLE_FIELD_ID9	0	OBJECT_REVISION
881	4	0	CHANNEL_LOG_TABLE_FIELD_NAME9	0	OBJECT_REVISION
882	4	0	CHANNEL_LOG_TABLE_FIELD_ENABLED9	0	Y
883	4	0	CHANNEL_LOG_TABLE_FIELD_ID10	0	PARENT_CHANNEL_ID
884	4	0	CHANNEL_LOG_TABLE_FIELD_NAME10	0	PARENT_CHANNEL_ID
885	4	0	CHANNEL_LOG_TABLE_FIELD_ENABLED10	0	Y
886	4	0	CHANNEL_LOG_TABLE_FIELD_ID11	0	ROOT_CHANNEL_ID
887	4	0	CHANNEL_LOG_TABLE_FIELD_NAME11	0	ROOT_CHANNEL_ID
888	4	0	CHANNEL_LOG_TABLE_FIELD_ENABLED11	0	Y
1111	6	0	UNIQUE_CONNECTIONS	0	N
1112	6	0	FEEDBACK_SHOWN	0	Y
1113	6	0	FEEDBACK_SIZE	50000	\N
1114	6	0	USING_THREAD_PRIORITIES	0	Y
1115	6	0	SHARED_FILE	0	\N
1116	6	0	CAPTURE_STEP_PERFORMANCE	0	N
1117	6	0	STEP_PERFORMANCE_CAPTURING_DELAY	1000	\N
1118	6	0	STEP_PERFORMANCE_CAPTURING_SIZE_LIMIT	0	100
1119	6	0	STEP_PERFORMANCE_LOG_TABLE	0	\N
1120	6	0	LOG_SIZE_LIMIT	0	\N
1121	6	0	LOG_INTERVAL	0	\N
1122	6	0	TRANSFORMATION_TYPE	0	Normal
1123	6	0	SLEEP_TIME_EMPTY	50	\N
1124	6	0	SLEEP_TIME_FULL	50	\N
1125	6	0	TRANS_LOG_TABLE_CONNECTION_NAME	0	\N
1126	6	0	TRANS_LOG_TABLE_SCHEMA_NAME	0	\N
1127	6	0	TRANS_LOG_TABLE_TABLE_NAME	0	\N
1128	6	0	TRANS_LOG_TABLE_TIMEOUT_IN_DAYS	0	\N
1129	6	0	TRANS_LOG_TABLE_FIELD_ID0	0	ID_BATCH
1130	6	0	TRANS_LOG_TABLE_FIELD_NAME0	0	ID_BATCH
1131	6	0	TRANS_LOG_TABLE_FIELD_ENABLED0	0	Y
1132	6	0	TRANS_LOG_TABLE_FIELD_ID1	0	CHANNEL_ID
1133	6	0	TRANS_LOG_TABLE_FIELD_NAME1	0	CHANNEL_ID
1134	6	0	TRANS_LOG_TABLE_FIELD_ENABLED1	0	Y
1135	6	0	TRANS_LOG_TABLE_FIELD_ID2	0	TRANSNAME
1136	6	0	TRANS_LOG_TABLE_FIELD_NAME2	0	TRANSNAME
1137	6	0	TRANS_LOG_TABLE_FIELD_ENABLED2	0	Y
1138	6	0	TRANS_LOG_TABLE_FIELD_ID3	0	STATUS
1139	6	0	TRANS_LOG_TABLE_FIELD_NAME3	0	STATUS
1140	6	0	TRANS_LOG_TABLE_FIELD_ENABLED3	0	Y
1141	6	0	TRANS_LOG_TABLE_FIELD_ID4	0	LINES_READ
1142	6	0	TRANS_LOG_TABLE_FIELD_NAME4	0	LINES_READ
1143	6	0	TRANS_LOG_TABLE_FIELD_ENABLED4	0	Y
1144	6	0	TRANS_LOG_TABLE_FIELD_SUBJECT4	0	\N
1145	6	0	TRANS_LOG_TABLE_FIELD_ID5	0	LINES_WRITTEN
1146	6	0	TRANS_LOG_TABLE_FIELD_NAME5	0	LINES_WRITTEN
1147	6	0	TRANS_LOG_TABLE_FIELD_ENABLED5	0	Y
1148	6	0	TRANS_LOG_TABLE_FIELD_SUBJECT5	0	\N
1149	6	0	TRANS_LOG_TABLE_FIELD_ID6	0	LINES_UPDATED
1150	6	0	TRANS_LOG_TABLE_FIELD_NAME6	0	LINES_UPDATED
1151	6	0	TRANS_LOG_TABLE_FIELD_ENABLED6	0	Y
1152	6	0	TRANS_LOG_TABLE_FIELD_SUBJECT6	0	\N
1153	6	0	TRANS_LOG_TABLE_FIELD_ID7	0	LINES_INPUT
1154	6	0	TRANS_LOG_TABLE_FIELD_NAME7	0	LINES_INPUT
1155	6	0	TRANS_LOG_TABLE_FIELD_ENABLED7	0	Y
1156	6	0	TRANS_LOG_TABLE_FIELD_SUBJECT7	0	\N
1157	6	0	TRANS_LOG_TABLE_FIELD_ID8	0	LINES_OUTPUT
1158	6	0	TRANS_LOG_TABLE_FIELD_NAME8	0	LINES_OUTPUT
1159	6	0	TRANS_LOG_TABLE_FIELD_ENABLED8	0	Y
1160	6	0	TRANS_LOG_TABLE_FIELD_SUBJECT8	0	\N
1161	6	0	TRANS_LOG_TABLE_FIELD_ID9	0	LINES_REJECTED
1162	6	0	TRANS_LOG_TABLE_FIELD_NAME9	0	LINES_REJECTED
1163	6	0	TRANS_LOG_TABLE_FIELD_ENABLED9	0	Y
1164	6	0	TRANS_LOG_TABLE_FIELD_SUBJECT9	0	\N
1165	6	0	TRANS_LOG_TABLE_FIELD_ID10	0	ERRORS
1166	6	0	TRANS_LOG_TABLE_FIELD_NAME10	0	ERRORS
1167	6	0	TRANS_LOG_TABLE_FIELD_ENABLED10	0	Y
1168	6	0	TRANS_LOG_TABLE_FIELD_ID11	0	STARTDATE
1169	6	0	TRANS_LOG_TABLE_FIELD_NAME11	0	STARTDATE
1170	6	0	TRANS_LOG_TABLE_FIELD_ENABLED11	0	Y
1171	6	0	TRANS_LOG_TABLE_FIELD_ID12	0	ENDDATE
1172	6	0	TRANS_LOG_TABLE_FIELD_NAME12	0	ENDDATE
1173	6	0	TRANS_LOG_TABLE_FIELD_ENABLED12	0	Y
1174	6	0	TRANS_LOG_TABLE_FIELD_ID13	0	LOGDATE
1175	6	0	TRANS_LOG_TABLE_FIELD_NAME13	0	LOGDATE
1176	6	0	TRANS_LOG_TABLE_FIELD_ENABLED13	0	Y
1177	6	0	TRANS_LOG_TABLE_FIELD_ID14	0	DEPDATE
1178	6	0	TRANS_LOG_TABLE_FIELD_NAME14	0	DEPDATE
1179	6	0	TRANS_LOG_TABLE_FIELD_ENABLED14	0	Y
1180	6	0	TRANS_LOG_TABLE_FIELD_ID15	0	REPLAYDATE
1181	6	0	TRANS_LOG_TABLE_FIELD_NAME15	0	REPLAYDATE
1182	6	0	TRANS_LOG_TABLE_FIELD_ENABLED15	0	Y
1183	6	0	TRANS_LOG_TABLE_FIELD_ID16	0	LOG_FIELD
1184	6	0	TRANS_LOG_TABLE_FIELD_NAME16	0	LOG_FIELD
1185	6	0	TRANS_LOG_TABLE_FIELD_ENABLED16	0	Y
1186	6	0	TRANS_LOG_TABLE_FIELD_ID17	0	EXECUTING_SERVER
1187	6	0	TRANS_LOG_TABLE_FIELD_NAME17	0	EXECUTING_SERVER
1188	6	0	TRANS_LOG_TABLE_FIELD_ENABLED17	0	N
1189	6	0	TRANS_LOG_TABLE_FIELD_ID18	0	EXECUTING_USER
1190	6	0	TRANS_LOG_TABLE_FIELD_NAME18	0	EXECUTING_USER
1191	6	0	TRANS_LOG_TABLE_FIELD_ENABLED18	0	N
1192	6	0	TRANS_LOG_TABLE_FIELD_ID19	0	CLIENT
1193	6	0	TRANS_LOG_TABLE_FIELD_NAME19	0	CLIENT
1194	6	0	TRANS_LOG_TABLE_FIELD_ENABLED19	0	N
1195	6	0	TRANSLOG_TABLE_INTERVAL	0	\N
1196	6	0	TRANSLOG_TABLE_SIZE_LIMIT	0	\N
1197	6	0	STEP_LOG_TABLE_CONNECTION_NAME	0	\N
1198	6	0	STEP_LOG_TABLE_SCHEMA_NAME	0	\N
1199	6	0	STEP_LOG_TABLE_TABLE_NAME	0	\N
1200	6	0	STEP_LOG_TABLE_TIMEOUT_IN_DAYS	0	\N
1201	6	0	STEP_LOG_TABLE_FIELD_ID0	0	ID_BATCH
1202	6	0	STEP_LOG_TABLE_FIELD_NAME0	0	ID_BATCH
1203	6	0	STEP_LOG_TABLE_FIELD_ENABLED0	0	Y
1204	6	0	STEP_LOG_TABLE_FIELD_ID1	0	CHANNEL_ID
1205	6	0	STEP_LOG_TABLE_FIELD_NAME1	0	CHANNEL_ID
1206	6	0	STEP_LOG_TABLE_FIELD_ENABLED1	0	Y
1207	6	0	STEP_LOG_TABLE_FIELD_ID2	0	LOG_DATE
1208	6	0	STEP_LOG_TABLE_FIELD_NAME2	0	LOG_DATE
1209	6	0	STEP_LOG_TABLE_FIELD_ENABLED2	0	Y
1210	6	0	STEP_LOG_TABLE_FIELD_ID3	0	TRANSNAME
1211	6	0	STEP_LOG_TABLE_FIELD_NAME3	0	TRANSNAME
1212	6	0	STEP_LOG_TABLE_FIELD_ENABLED3	0	Y
1213	6	0	STEP_LOG_TABLE_FIELD_ID4	0	STEPNAME
1214	6	0	STEP_LOG_TABLE_FIELD_NAME4	0	STEPNAME
1215	6	0	STEP_LOG_TABLE_FIELD_ENABLED4	0	Y
1216	6	0	STEP_LOG_TABLE_FIELD_ID5	0	STEP_COPY
1217	6	0	STEP_LOG_TABLE_FIELD_NAME5	0	STEP_COPY
1218	6	0	STEP_LOG_TABLE_FIELD_ENABLED5	0	Y
1219	6	0	STEP_LOG_TABLE_FIELD_ID6	0	LINES_READ
1220	6	0	STEP_LOG_TABLE_FIELD_NAME6	0	LINES_READ
1221	6	0	STEP_LOG_TABLE_FIELD_ENABLED6	0	Y
1222	6	0	STEP_LOG_TABLE_FIELD_ID7	0	LINES_WRITTEN
1223	6	0	STEP_LOG_TABLE_FIELD_NAME7	0	LINES_WRITTEN
1224	6	0	STEP_LOG_TABLE_FIELD_ENABLED7	0	Y
1225	6	0	STEP_LOG_TABLE_FIELD_ID8	0	LINES_UPDATED
1226	6	0	STEP_LOG_TABLE_FIELD_NAME8	0	LINES_UPDATED
1227	6	0	STEP_LOG_TABLE_FIELD_ENABLED8	0	Y
1228	6	0	STEP_LOG_TABLE_FIELD_ID9	0	LINES_INPUT
1229	6	0	STEP_LOG_TABLE_FIELD_NAME9	0	LINES_INPUT
1230	6	0	STEP_LOG_TABLE_FIELD_ENABLED9	0	Y
1231	6	0	STEP_LOG_TABLE_FIELD_ID10	0	LINES_OUTPUT
1232	6	0	STEP_LOG_TABLE_FIELD_NAME10	0	LINES_OUTPUT
1233	6	0	STEP_LOG_TABLE_FIELD_ENABLED10	0	Y
1234	6	0	STEP_LOG_TABLE_FIELD_ID11	0	LINES_REJECTED
1235	6	0	STEP_LOG_TABLE_FIELD_NAME11	0	LINES_REJECTED
1236	6	0	STEP_LOG_TABLE_FIELD_ENABLED11	0	Y
1237	6	0	STEP_LOG_TABLE_FIELD_ID12	0	ERRORS
1238	6	0	STEP_LOG_TABLE_FIELD_NAME12	0	ERRORS
1239	6	0	STEP_LOG_TABLE_FIELD_ENABLED12	0	Y
1240	6	0	STEP_LOG_TABLE_FIELD_ID13	0	LOG_FIELD
1241	6	0	STEP_LOG_TABLE_FIELD_NAME13	0	LOG_FIELD
1242	6	0	STEP_LOG_TABLE_FIELD_ENABLED13	0	N
1243	6	0	PERFORMANCE_LOG_TABLE_CONNECTION_NAME	0	\N
1244	6	0	PERFORMANCE_LOG_TABLE_SCHEMA_NAME	0	\N
1245	6	0	PERFORMANCE_LOG_TABLE_TABLE_NAME	0	\N
1246	6	0	PERFORMANCE_LOG_TABLE_TIMEOUT_IN_DAYS	0	\N
1247	6	0	PERFORMANCE_LOG_TABLE_FIELD_ID0	0	ID_BATCH
1248	6	0	PERFORMANCE_LOG_TABLE_FIELD_NAME0	0	ID_BATCH
1249	6	0	PERFORMANCE_LOG_TABLE_FIELD_ENABLED0	0	Y
1250	6	0	PERFORMANCE_LOG_TABLE_FIELD_ID1	0	SEQ_NR
1251	6	0	PERFORMANCE_LOG_TABLE_FIELD_NAME1	0	SEQ_NR
1252	6	0	PERFORMANCE_LOG_TABLE_FIELD_ENABLED1	0	Y
1253	6	0	PERFORMANCE_LOG_TABLE_FIELD_ID2	0	LOGDATE
1254	6	0	PERFORMANCE_LOG_TABLE_FIELD_NAME2	0	LOGDATE
1255	6	0	PERFORMANCE_LOG_TABLE_FIELD_ENABLED2	0	Y
1256	6	0	PERFORMANCE_LOG_TABLE_FIELD_ID3	0	TRANSNAME
1257	6	0	PERFORMANCE_LOG_TABLE_FIELD_NAME3	0	TRANSNAME
1258	6	0	PERFORMANCE_LOG_TABLE_FIELD_ENABLED3	0	Y
1259	6	0	PERFORMANCE_LOG_TABLE_FIELD_ID4	0	STEPNAME
1260	6	0	PERFORMANCE_LOG_TABLE_FIELD_NAME4	0	STEPNAME
1261	6	0	PERFORMANCE_LOG_TABLE_FIELD_ENABLED4	0	Y
1262	6	0	PERFORMANCE_LOG_TABLE_FIELD_ID5	0	STEP_COPY
1263	6	0	PERFORMANCE_LOG_TABLE_FIELD_NAME5	0	STEP_COPY
1264	6	0	PERFORMANCE_LOG_TABLE_FIELD_ENABLED5	0	Y
1265	6	0	PERFORMANCE_LOG_TABLE_FIELD_ID6	0	LINES_READ
1266	6	0	PERFORMANCE_LOG_TABLE_FIELD_NAME6	0	LINES_READ
1267	6	0	PERFORMANCE_LOG_TABLE_FIELD_ENABLED6	0	Y
1268	6	0	PERFORMANCE_LOG_TABLE_FIELD_ID7	0	LINES_WRITTEN
1269	6	0	PERFORMANCE_LOG_TABLE_FIELD_NAME7	0	LINES_WRITTEN
1270	6	0	PERFORMANCE_LOG_TABLE_FIELD_ENABLED7	0	Y
1271	6	0	PERFORMANCE_LOG_TABLE_FIELD_ID8	0	LINES_UPDATED
1272	6	0	PERFORMANCE_LOG_TABLE_FIELD_NAME8	0	LINES_UPDATED
1273	6	0	PERFORMANCE_LOG_TABLE_FIELD_ENABLED8	0	Y
1274	6	0	PERFORMANCE_LOG_TABLE_FIELD_ID9	0	LINES_INPUT
1275	6	0	PERFORMANCE_LOG_TABLE_FIELD_NAME9	0	LINES_INPUT
1276	6	0	PERFORMANCE_LOG_TABLE_FIELD_ENABLED9	0	Y
1277	6	0	PERFORMANCE_LOG_TABLE_FIELD_ID10	0	LINES_OUTPUT
1278	6	0	PERFORMANCE_LOG_TABLE_FIELD_NAME10	0	LINES_OUTPUT
1279	6	0	PERFORMANCE_LOG_TABLE_FIELD_ENABLED10	0	Y
1280	6	0	PERFORMANCE_LOG_TABLE_FIELD_ID11	0	LINES_REJECTED
1281	6	0	PERFORMANCE_LOG_TABLE_FIELD_NAME11	0	LINES_REJECTED
1282	6	0	PERFORMANCE_LOG_TABLE_FIELD_ENABLED11	0	Y
1283	6	0	PERFORMANCE_LOG_TABLE_FIELD_ID12	0	ERRORS
1284	6	0	PERFORMANCE_LOG_TABLE_FIELD_NAME12	0	ERRORS
1285	6	0	PERFORMANCE_LOG_TABLE_FIELD_ENABLED12	0	Y
1286	6	0	PERFORMANCE_LOG_TABLE_FIELD_ID13	0	INPUT_BUFFER_ROWS
1287	6	0	PERFORMANCE_LOG_TABLE_FIELD_NAME13	0	INPUT_BUFFER_ROWS
1288	6	0	PERFORMANCE_LOG_TABLE_FIELD_ENABLED13	0	Y
1289	6	0	PERFORMANCE_LOG_TABLE_FIELD_ID14	0	OUTPUT_BUFFER_ROWS
1290	6	0	PERFORMANCE_LOG_TABLE_FIELD_NAME14	0	OUTPUT_BUFFER_ROWS
1291	6	0	PERFORMANCE_LOG_TABLE_FIELD_ENABLED14	0	Y
1292	6	0	PERFORMANCELOG_TABLE_INTERVAL	0	\N
1293	6	0	CHANNEL_LOG_TABLE_CONNECTION_NAME	0	\N
1294	6	0	CHANNEL_LOG_TABLE_SCHEMA_NAME	0	\N
1295	6	0	CHANNEL_LOG_TABLE_TABLE_NAME	0	\N
1296	6	0	CHANNEL_LOG_TABLE_TIMEOUT_IN_DAYS	0	\N
1297	6	0	CHANNEL_LOG_TABLE_FIELD_ID0	0	ID_BATCH
1298	6	0	CHANNEL_LOG_TABLE_FIELD_NAME0	0	ID_BATCH
1299	6	0	CHANNEL_LOG_TABLE_FIELD_ENABLED0	0	Y
1300	6	0	CHANNEL_LOG_TABLE_FIELD_ID1	0	CHANNEL_ID
1301	6	0	CHANNEL_LOG_TABLE_FIELD_NAME1	0	CHANNEL_ID
1302	6	0	CHANNEL_LOG_TABLE_FIELD_ENABLED1	0	Y
1303	6	0	CHANNEL_LOG_TABLE_FIELD_ID2	0	LOG_DATE
1304	6	0	CHANNEL_LOG_TABLE_FIELD_NAME2	0	LOG_DATE
1305	6	0	CHANNEL_LOG_TABLE_FIELD_ENABLED2	0	Y
1306	6	0	CHANNEL_LOG_TABLE_FIELD_ID3	0	LOGGING_OBJECT_TYPE
1307	6	0	CHANNEL_LOG_TABLE_FIELD_NAME3	0	LOGGING_OBJECT_TYPE
1308	6	0	CHANNEL_LOG_TABLE_FIELD_ENABLED3	0	Y
1309	6	0	CHANNEL_LOG_TABLE_FIELD_ID4	0	OBJECT_NAME
1310	6	0	CHANNEL_LOG_TABLE_FIELD_NAME4	0	OBJECT_NAME
1311	6	0	CHANNEL_LOG_TABLE_FIELD_ENABLED4	0	Y
1312	6	0	CHANNEL_LOG_TABLE_FIELD_ID5	0	OBJECT_COPY
1313	6	0	CHANNEL_LOG_TABLE_FIELD_NAME5	0	OBJECT_COPY
1314	6	0	CHANNEL_LOG_TABLE_FIELD_ENABLED5	0	Y
1315	6	0	CHANNEL_LOG_TABLE_FIELD_ID6	0	REPOSITORY_DIRECTORY
1316	6	0	CHANNEL_LOG_TABLE_FIELD_NAME6	0	REPOSITORY_DIRECTORY
1317	6	0	CHANNEL_LOG_TABLE_FIELD_ENABLED6	0	Y
1318	6	0	CHANNEL_LOG_TABLE_FIELD_ID7	0	FILENAME
1319	6	0	CHANNEL_LOG_TABLE_FIELD_NAME7	0	FILENAME
1320	6	0	CHANNEL_LOG_TABLE_FIELD_ENABLED7	0	Y
1321	6	0	CHANNEL_LOG_TABLE_FIELD_ID8	0	OBJECT_ID
1322	6	0	CHANNEL_LOG_TABLE_FIELD_NAME8	0	OBJECT_ID
1323	6	0	CHANNEL_LOG_TABLE_FIELD_ENABLED8	0	Y
1324	6	0	CHANNEL_LOG_TABLE_FIELD_ID9	0	OBJECT_REVISION
1325	6	0	CHANNEL_LOG_TABLE_FIELD_NAME9	0	OBJECT_REVISION
1326	6	0	CHANNEL_LOG_TABLE_FIELD_ENABLED9	0	Y
1327	6	0	CHANNEL_LOG_TABLE_FIELD_ID10	0	PARENT_CHANNEL_ID
1328	6	0	CHANNEL_LOG_TABLE_FIELD_NAME10	0	PARENT_CHANNEL_ID
1329	6	0	CHANNEL_LOG_TABLE_FIELD_ENABLED10	0	Y
1330	6	0	CHANNEL_LOG_TABLE_FIELD_ID11	0	ROOT_CHANNEL_ID
1331	6	0	CHANNEL_LOG_TABLE_FIELD_NAME11	0	ROOT_CHANNEL_ID
1332	6	0	CHANNEL_LOG_TABLE_FIELD_ENABLED11	0	Y
1333	5	0	UNIQUE_CONNECTIONS	0	N
1334	5	0	FEEDBACK_SHOWN	0	Y
1335	5	0	FEEDBACK_SIZE	50000	\N
1336	5	0	USING_THREAD_PRIORITIES	0	Y
1337	5	0	SHARED_FILE	0	\N
1338	5	0	CAPTURE_STEP_PERFORMANCE	0	N
1339	5	0	STEP_PERFORMANCE_CAPTURING_DELAY	1000	\N
1340	5	0	STEP_PERFORMANCE_CAPTURING_SIZE_LIMIT	0	100
1341	5	0	STEP_PERFORMANCE_LOG_TABLE	0	\N
1342	5	0	LOG_SIZE_LIMIT	0	\N
1343	5	0	LOG_INTERVAL	0	\N
1344	5	0	TRANSFORMATION_TYPE	0	Normal
1345	5	0	SLEEP_TIME_EMPTY	50	\N
1346	5	0	SLEEP_TIME_FULL	50	\N
1347	5	0	TRANS_LOG_TABLE_CONNECTION_NAME	0	\N
1348	5	0	TRANS_LOG_TABLE_SCHEMA_NAME	0	\N
1349	5	0	TRANS_LOG_TABLE_TABLE_NAME	0	\N
1350	5	0	TRANS_LOG_TABLE_TIMEOUT_IN_DAYS	0	\N
1351	5	0	TRANS_LOG_TABLE_FIELD_ID0	0	ID_BATCH
1352	5	0	TRANS_LOG_TABLE_FIELD_NAME0	0	ID_BATCH
1353	5	0	TRANS_LOG_TABLE_FIELD_ENABLED0	0	Y
1354	5	0	TRANS_LOG_TABLE_FIELD_ID1	0	CHANNEL_ID
1355	5	0	TRANS_LOG_TABLE_FIELD_NAME1	0	CHANNEL_ID
1356	5	0	TRANS_LOG_TABLE_FIELD_ENABLED1	0	Y
1357	5	0	TRANS_LOG_TABLE_FIELD_ID2	0	TRANSNAME
1358	5	0	TRANS_LOG_TABLE_FIELD_NAME2	0	TRANSNAME
1359	5	0	TRANS_LOG_TABLE_FIELD_ENABLED2	0	Y
1360	5	0	TRANS_LOG_TABLE_FIELD_ID3	0	STATUS
1361	5	0	TRANS_LOG_TABLE_FIELD_NAME3	0	STATUS
1362	5	0	TRANS_LOG_TABLE_FIELD_ENABLED3	0	Y
1363	5	0	TRANS_LOG_TABLE_FIELD_ID4	0	LINES_READ
1364	5	0	TRANS_LOG_TABLE_FIELD_NAME4	0	LINES_READ
1365	5	0	TRANS_LOG_TABLE_FIELD_ENABLED4	0	Y
1366	5	0	TRANS_LOG_TABLE_FIELD_SUBJECT4	0	\N
1367	5	0	TRANS_LOG_TABLE_FIELD_ID5	0	LINES_WRITTEN
1368	5	0	TRANS_LOG_TABLE_FIELD_NAME5	0	LINES_WRITTEN
1369	5	0	TRANS_LOG_TABLE_FIELD_ENABLED5	0	Y
1370	5	0	TRANS_LOG_TABLE_FIELD_SUBJECT5	0	\N
1371	5	0	TRANS_LOG_TABLE_FIELD_ID6	0	LINES_UPDATED
1372	5	0	TRANS_LOG_TABLE_FIELD_NAME6	0	LINES_UPDATED
1373	5	0	TRANS_LOG_TABLE_FIELD_ENABLED6	0	Y
1374	5	0	TRANS_LOG_TABLE_FIELD_SUBJECT6	0	\N
1375	5	0	TRANS_LOG_TABLE_FIELD_ID7	0	LINES_INPUT
1376	5	0	TRANS_LOG_TABLE_FIELD_NAME7	0	LINES_INPUT
1377	5	0	TRANS_LOG_TABLE_FIELD_ENABLED7	0	Y
1378	5	0	TRANS_LOG_TABLE_FIELD_SUBJECT7	0	\N
1379	5	0	TRANS_LOG_TABLE_FIELD_ID8	0	LINES_OUTPUT
1380	5	0	TRANS_LOG_TABLE_FIELD_NAME8	0	LINES_OUTPUT
1381	5	0	TRANS_LOG_TABLE_FIELD_ENABLED8	0	Y
1382	5	0	TRANS_LOG_TABLE_FIELD_SUBJECT8	0	\N
1383	5	0	TRANS_LOG_TABLE_FIELD_ID9	0	LINES_REJECTED
1384	5	0	TRANS_LOG_TABLE_FIELD_NAME9	0	LINES_REJECTED
1385	5	0	TRANS_LOG_TABLE_FIELD_ENABLED9	0	Y
1386	5	0	TRANS_LOG_TABLE_FIELD_SUBJECT9	0	\N
1387	5	0	TRANS_LOG_TABLE_FIELD_ID10	0	ERRORS
1388	5	0	TRANS_LOG_TABLE_FIELD_NAME10	0	ERRORS
1389	5	0	TRANS_LOG_TABLE_FIELD_ENABLED10	0	Y
1390	5	0	TRANS_LOG_TABLE_FIELD_ID11	0	STARTDATE
1391	5	0	TRANS_LOG_TABLE_FIELD_NAME11	0	STARTDATE
1392	5	0	TRANS_LOG_TABLE_FIELD_ENABLED11	0	Y
1393	5	0	TRANS_LOG_TABLE_FIELD_ID12	0	ENDDATE
1394	5	0	TRANS_LOG_TABLE_FIELD_NAME12	0	ENDDATE
1395	5	0	TRANS_LOG_TABLE_FIELD_ENABLED12	0	Y
1396	5	0	TRANS_LOG_TABLE_FIELD_ID13	0	LOGDATE
1397	5	0	TRANS_LOG_TABLE_FIELD_NAME13	0	LOGDATE
1398	5	0	TRANS_LOG_TABLE_FIELD_ENABLED13	0	Y
1399	5	0	TRANS_LOG_TABLE_FIELD_ID14	0	DEPDATE
1400	5	0	TRANS_LOG_TABLE_FIELD_NAME14	0	DEPDATE
1401	5	0	TRANS_LOG_TABLE_FIELD_ENABLED14	0	Y
1402	5	0	TRANS_LOG_TABLE_FIELD_ID15	0	REPLAYDATE
1403	5	0	TRANS_LOG_TABLE_FIELD_NAME15	0	REPLAYDATE
1404	5	0	TRANS_LOG_TABLE_FIELD_ENABLED15	0	Y
1405	5	0	TRANS_LOG_TABLE_FIELD_ID16	0	LOG_FIELD
1406	5	0	TRANS_LOG_TABLE_FIELD_NAME16	0	LOG_FIELD
1407	5	0	TRANS_LOG_TABLE_FIELD_ENABLED16	0	Y
1408	5	0	TRANS_LOG_TABLE_FIELD_ID17	0	EXECUTING_SERVER
\.


--
-- TOC entry 2463 (class 0 OID 17923)
-- Dependencies: 237
-- Data for Name: r_trans_cluster; Type: TABLE DATA; Schema: public; Owner: postgres
--

COPY r_trans_cluster (id_trans_cluster, id_transformation, id_cluster) FROM stdin;
\.


--
-- TOC entry 2464 (class 0 OID 17929)
-- Dependencies: 239
-- Data for Name: r_trans_hop; Type: TABLE DATA; Schema: public; Owner: postgres
--

COPY r_trans_hop (id_trans_hop, id_transformation, id_step_from, id_step_to, enabled) FROM stdin;
1	1	1	2	t
2	2	4	3	t
3	3	5	6	t
4	4	8	7	t
6	6	11	12	t
7	5	13	14	t
\.


--
-- TOC entry 2483 (class 0 OID 18067)
-- Dependencies: 272
-- Data for Name: r_trans_lock; Type: TABLE DATA; Schema: public; Owner: postgres
--

COPY r_trans_lock (id_trans_lock, id_transformation, id_user, lock_message, lock_date) FROM stdin;
\.


--
-- TOC entry 2472 (class 0 OID 17987)
-- Dependencies: 252
-- Data for Name: r_trans_note; Type: TABLE DATA; Schema: public; Owner: postgres
--

COPY r_trans_note (id_transformation, id_note) FROM stdin;
\.


--
-- TOC entry 2458 (class 0 OID 17887)
-- Dependencies: 227
-- Data for Name: r_trans_partition_schema; Type: TABLE DATA; Schema: public; Owner: postgres
--

COPY r_trans_partition_schema (id_trans_partition_schema, id_transformation, id_partition_schema) FROM stdin;
\.


--
-- TOC entry 2462 (class 0 OID 17917)
-- Dependencies: 235
-- Data for Name: r_trans_slave; Type: TABLE DATA; Schema: public; Owner: postgres
--

COPY r_trans_slave (id_trans_slave, id_transformation, id_slave) FROM stdin;
\.


--
-- TOC entry 2465 (class 0 OID 17933)
-- Dependencies: 240
-- Data for Name: r_trans_step_condition; Type: TABLE DATA; Schema: public; Owner: postgres
--

COPY r_trans_step_condition (id_transformation, id_step, id_condition) FROM stdin;
\.


--
-- TOC entry 2452 (class 0 OID 17834)
-- Dependencies: 215
-- Data for Name: r_transformation; Type: TABLE DATA; Schema: public; Owner: postgres
--

COPY r_transformation (id_transformation, id_directory, name, description, extended_description, trans_version, trans_status, id_step_read, id_step_write, id_step_input, id_step_output, id_step_update, id_database_log, table_name_log, use_batchid, use_logfield, id_database_maxdate, table_name_maxdate, field_name_maxdate, offset_maxdate, diff_maxdate, created_user, created_date, modified_user, modified_date, size_rowset) FROM stdin;
1	0	incidencias_dimension	\N	\N	\N	0	\N	\N	\N	\N	\N	-1	\N	t	t	-1	\N	\N	0.00	0.00	-	2014-06-30 11:01:30.489	admin	2014-06-30 11:05:22.128	10000
2	0	ambiente_dimension	\N	\N	\N	0	\N	\N	\N	\N	\N	-1	\N	t	t	-1	\N	\N	0.00	0.00	-	2014-06-30 11:05:37.742	admin	2014-06-30 11:08:27.788	10000
3	0	patrimonio_dimension	\N	\N	\N	0	\N	\N	\N	\N	\N	-1	\N	t	t	-1	\N	\N	0.00	0.00	-	2014-06-30 11:09:08.236	admin	2014-06-30 11:13:03.518	10000
4	0	personal_dimension	\N	\N	\N	0	\N	\N	\N	\N	\N	-1	\N	t	t	-1	\N	\N	0.00	0.00	-	2014-06-30 11:14:09.97	admin	2014-06-30 11:16:38.611	10000
6	0	etl_tiempo	\N	\N	\N	0	\N	\N	\N	\N	\N	-1	\N	t	t	-1	\N	\N	0.00	0.00	-	2014-06-30 15:57:19.018	admin	2014-06-30 16:43:35.643	10000
5	0	averias_th	\N	\N	\N	0	\N	\N	\N	\N	\N	-1	\N	t	t	-1	\N	\N	0.00	0.00	-	2014-06-30 13:23:39.266	admin	2014-07-01 09:10:32.814	10000
\.


--
-- TOC entry 2489 (class 0 OID 18121)
-- Dependencies: 284
-- Data for Name: r_user; Type: TABLE DATA; Schema: public; Owner: postgres
--

COPY r_user (id_user, login, password, name, description, enabled) FROM stdin;
1	admin	2be98afc86aa7f2e4cb79ce71da9fa6d4	Administrator	User manager	t
2	guest	2be98afc86aa7f2e4cb79ce77cb97bcce	Guest account	Read-only guest account	t
\.


--
-- TOC entry 2467 (class 0 OID 17947)
-- Dependencies: 244
-- Data for Name: r_value; Type: TABLE DATA; Schema: public; Owner: postgres
--

COPY r_value (id_value, name, value_type, value_str, is_null) FROM stdin;
\.


--
-- TOC entry 2445 (class 0 OID 17775)
-- Dependencies: 201
-- Data for Name: r_version; Type: TABLE DATA; Schema: public; Owner: postgres
--

COPY r_version (id_version, major_version, minor_version, upgrade_date, is_upgrade) FROM stdin;
1	5	0	2014-06-30 11:01:06.444	f
\.


--
-- TOC entry 2439 (class 0 OID 16838)
-- Dependencies: 188
-- Data for Name: tarea; Type: TABLE DATA; Schema: public; Owner: postgres
--

COPY tarea (id_tarea, fecha_asignacion, hora_asignacion, id_personal, usuario_asigno, usuario_atendio, codigo_referencia, observacion, tiempo_estimado, id_averia, fecha_termino, hora_termino, estado, falla, tipo_solucion, categoria_solucion, tipo_efectividad, motivo_irreparable, id_patrimonio) FROM stdin;
21	2014-06-28	15:58:03	8	1	17	sasa1233	uuuuuuuuuuuuuuuuuuuuuuuuuuuuuuu	9	39	2014-07-01	02:52:50	t	\N	SI SE SOLUCIONO	FALLA POR USUARIO	\N	\N	\N
27	2014-06-28	15:58:03	8	1	17	sape4548	jj	9	32	2014-07-01	02:40:02	t	\N	NO SE SOLUCIONO	OBSOLECENCIA	\N	\N	\N
11	2014-06-12	18:38:25	8	1	17	unsm23339	hhd	1	7	2014-07-01	02:37:37	t	\N	SI SE SOLUCIONO	FALLA DEL EQUIPO	\N	\N	\N
20	2014-06-28	15:58:03	8	1	17	012	never	9	40	2014-07-01	02:36:52	t	\N	SI SE SOLUCIONO	FALLA DEL EQUIPO	\N	\N	\N
22	2014-06-28	15:58:03	8	1	17	122	ssss	2	38	2014-07-01	07:45:54	t	\N	SI SE SOLUCIONO	FALLA POR USUARIO	\N	\N	5
23	2014-06-28	15:58:03	8	1	17	012	ueueuueueue	2	36	2014-07-01	08:15:26	t	\N	SI SE SOLUCIONO	FALLA POR USUARIO	M	\N	4
14	2014-06-17	17:38:24	10	1	18	123	jejejeje	13	18	2014-07-01	08:19:51	t	\N	SI SE SOLUCIONO	FALLA DEL EQUIPO	M	\N	6
12	2014-06-12	18:38:39	6	1	\N	sasa1233	\N	\N	6	\N	\N	t	\N	\N	\N	\N	\N	\N
10	2014-06-12	18:38:14	4	1	1	sape4548	hjk	3	9	2014-06-12	18:41:42	t	\N	\N	\N	\N	\N	\N
19	2014-06-28	15:37:38	7	16	\N	012	\N	\N	42	\N	\N	t	\N	\N	\N	\N	\N	\N
18	2014-06-28	15:12:38	12	1	16	122	\N	2	37	2014-06-28	15:44:59	t	\N	\N	\N	\N	\N	\N
24	2014-06-28	15:58:03	8	1	\N	124	\N	\N	35	\N	\N	t	\N	\N	\N	\N	\N	\N
25	2014-06-28	15:58:03	8	1	\N	125	\N	\N	34	\N	\N	t	\N	\N	\N	\N	\N	\N
26	2014-06-28	15:58:03	8	1	\N	13	\N	\N	33	\N	\N	t	\N	\N	\N	\N	\N	\N
28	2014-06-28	15:58:03	8	1	\N	14	\N	\N	31	\N	\N	t	\N	\N	\N	\N	\N	\N
29	2014-06-28	15:58:03	8	1	\N	sasa1233	\N	\N	29	\N	\N	t	\N	\N	\N	\N	\N	\N
30	2014-06-28	15:58:03	8	1	\N	sape4548	\N	\N	28	\N	\N	t	\N	\N	\N	\N	\N	\N
31	2014-06-28	15:58:03	8	1	\N	unsm23339	\N	\N	27	\N	\N	t	\N	\N	\N	\N	\N	\N
32	2014-06-29	16:38:46	4	1	\N	012	\N	\N	25	\N	\N	t	\N	\N	\N	\N	\N	\N
33	2014-06-29	16:39:59	12	16	\N	122	\N	\N	26	\N	\N	t	\N	\N	\N	\N	\N	\N
13	2014-06-16	13:45:22	4	1	\N	123	\N	\N	10	\N	\N	t	\N	\N	\N	\N	\N	\N
15	2014-06-18	13:13:29	5	1	\N	124	\N	\N	11	\N	\N	t	\N	\N	\N	\N	\N	\N
16	2014-06-18	13:20:04	5	1	\N	125	\N	\N	30	\N	\N	t	\N	\N	\N	\N	\N	\N
17	2014-06-28	15:08:55	12	1	\N	13	\N	\N	41	\N	\N	t	\N	\N	\N	\N	\N	\N
\.


--
-- TOC entry 2440 (class 0 OID 16849)
-- Dependencies: 190
-- Data for Name: tipo_averia; Type: TABLE DATA; Schema: public; Owner: postgres
--

COPY tipo_averia (id_tipoaveria, descripcion, estado) FROM stdin;
1	HARDWARE	t
3	SOFTWARE	t
2	REDES	t
\.


--
-- TOC entry 2441 (class 0 OID 16855)
-- Dependencies: 192
-- Data for Name: ubicacion; Type: TABLE DATA; Schema: public; Owner: postgres
--

COPY ubicacion (ubic_id, ubic_descripcion, ubic_estado, ambi_id) FROM stdin;
2	UBICACION 2	t	2
1	UBICACION PRUEBA	t	1
4	AULA 2	f	1
3	AULA 1	f	1
5	AULA 1	f	6
6	A1	t	6
7	A2	t	6
8	B1	t	7
9	B2	t	7
10	C1	t	1
11	C2	t	1
12	D1	t	2
13	D2	t	2
14	A1	t	3
15	A2	t	3
16	B1	t	4
17	B2	t	4
18	C1	t	5
19	C2	t	5
21	A2	t	8
22	B1	t	9
23	B2	t	9
24	A1	t	10
25	A2	t	10
27	B2	t	11
28	C1	t	12
29	C2	t	12
30	D1	t	13
31	D2	t	13
32	A1	t	14
33	A2	t	14
34	B1	t	15
35	B2	t	15
36	C1	t	16
37	C2	t	16
38	D1	t	17
39	D2	t	17
41	A2	t	18
42	B1	t	19
26	B1	f	11
45	A2	t	20
46	B1	t	21
47	B2	t	21
48	C1	t	22
49	C2	t	22
50	D1	t	23
51	D2	t	23
52	E1	t	23
53	E2	t	23
54	F1	t	25
55	F2	t	25
56	A1	t	26
57	A2	t	26
58	A3	t	26
59	A1	t	27
60	A2	t	27
61	B1	t	28
62	B2	t	28
43	A1	t	18
44	A1	t	20
20	A1	t	8
40	A1	t	18
63	OFICINA1	t	20
64	OFICINA2	t	20
\.


--
-- TOC entry 2442 (class 0 OID 16861)
-- Dependencies: 194
-- Data for Name: usuario; Type: TABLE DATA; Schema: public; Owner: postgres
--

COPY usuario (usua_id, usua_login, usua_clave, usua_documeto_identidad, usua_apellido_paterno, usua_apellido_materno, usua_nombres, usua_direccion, usua_telefono, usua_estado, perf_id, id_personal) FROM stdin;
9	hola@alumno.unsm.edu.pe	hola	47083795	urbina	sanchez	ali	-	-	f	3	1
10	MEVENTURAC@ALUMNO.UNSM.EDU.PE	123456	47474333	Ventura	Chuquipoma	Marita	-	-	f	3	1
8	ALIURBIN	7295	12345678	URBINA	SANCHEZ	ALI	JR. LOS ANGELES 248	975545964	f	12	1
11	ASURBINAS@ALUMNO.UNSM.EDU.PE	7295	47083795	urbina	sanchez	ali 	-	-	f	3	1
13	ANONIMUS	ANONIMUS	45679073	anonimo	ANONIMUS	anonimo	KJ	378756	t	2	1
12	ASURBINAS@ALUMNO.UNSM.EDU.PE	741	12345667	asasas	asasasasas	sasasas	-	-	f	3	1
14	123456@ALUMNO.UNSM.EDU.PE	ASD	123465	123456	123456	123456	-	-	f	3	1
1	ADMIN	ADMIN	12345678	CABANILLAS	PARDO	LENIN	JR. 3 DE OCTUBRE 246	942922020	t	1	1
15	ALIURBIN@ALUMNO.UNSM.EDU.PE	ALIURBIN	47083795	urbina	sanchez	ali	-	-	f	3	1
16	ALI	1234	47635648	URBINA	SANCHEZ	ALI	LAS MIL UNAS PUTAS		t	1	12
17	USUARIO	USUARIO	45368708	MELENDEZ	GATICA	PEDRO	JR. LOS MANGUALES 245	965845632	t	12	8
\.


SET search_path = bi_efix, pg_catalog;

--
-- TOC entry 2355 (class 2606 OID 16925)
-- Dependencies: 164 164
-- Name: etl_ambiente_pkey; Type: CONSTRAINT; Schema: bi_efix; Owner: postgres; Tablespace: 
--

ALTER TABLE ONLY etl_ambiente
    ADD CONSTRAINT etl_ambiente_pkey PRIMARY KEY (id);


--
-- TOC entry 2357 (class 2606 OID 16927)
-- Dependencies: 165 165
-- Name: etl_incidencia2_pkey; Type: CONSTRAINT; Schema: bi_efix; Owner: postgres; Tablespace: 
--

ALTER TABLE ONLY etl_incidencias
    ADD CONSTRAINT etl_incidencia2_pkey PRIMARY KEY (id_incidencia);


--
-- TOC entry 2359 (class 2606 OID 18237)
-- Dependencies: 166 166
-- Name: etl_patrimonio2_pkey; Type: CONSTRAINT; Schema: bi_efix; Owner: postgres; Tablespace: 
--

ALTER TABLE ONLY etl_patrimonio
    ADD CONSTRAINT etl_patrimonio2_pkey PRIMARY KEY (id_patrimonio);


--
-- TOC entry 2363 (class 2606 OID 16931)
-- Dependencies: 169 169
-- Name: etl_personal_pkey; Type: CONSTRAINT; Schema: bi_efix; Owner: postgres; Tablespace: 
--

ALTER TABLE ONLY etl_personal
    ADD CONSTRAINT etl_personal_pkey PRIMARY KEY (id_personal);


--
-- TOC entry 2403 (class 2606 OID 18182)
-- Dependencies: 285 285
-- Name: pk_etl_tiempo; Type: CONSTRAINT; Schema: bi_efix; Owner: postgres; Tablespace: 
--

ALTER TABLE ONLY etl_tiempo
    ADD CONSTRAINT pk_etl_tiempo PRIMARY KEY (id_tiempo);


--
-- TOC entry 2405 (class 2606 OID 18421)
-- Dependencies: 286 286
-- Name: th_averias_copy_pkey; Type: CONSTRAINT; Schema: bi_efix; Owner: postgres; Tablespace: 
--

ALTER TABLE ONLY averias_th
    ADD CONSTRAINT th_averias_copy_pkey PRIMARY KEY (id_averia);


SET search_path = public, pg_catalog;

--
-- TOC entry 2365 (class 2606 OID 16939)
-- Dependencies: 171 171
-- Name: ambiente_pkey; Type: CONSTRAINT; Schema: public; Owner: postgres; Tablespace: 
--

ALTER TABLE ONLY ambiente
    ADD CONSTRAINT ambiente_pkey PRIMARY KEY (ambi_id);


--
-- TOC entry 2369 (class 2606 OID 16941)
-- Dependencies: 175 175
-- Name: averia_pkey; Type: CONSTRAINT; Schema: public; Owner: postgres; Tablespace: 
--

ALTER TABLE ONLY averia
    ADD CONSTRAINT averia_pkey PRIMARY KEY (id_averia);


--
-- TOC entry 2371 (class 2606 OID 16943)
-- Dependencies: 177 177
-- Name: coordenada_pkey; Type: CONSTRAINT; Schema: public; Owner: postgres; Tablespace: 
--

ALTER TABLE ONLY coordenada
    ADD CONSTRAINT coordenada_pkey PRIMARY KEY (id_coordenada);


--
-- TOC entry 2373 (class 2606 OID 16945)
-- Dependencies: 179 179
-- Name: facultad_pkey; Type: CONSTRAINT; Schema: public; Owner: postgres; Tablespace: 
--

ALTER TABLE ONLY facultad
    ADD CONSTRAINT facultad_pkey PRIMARY KEY (facu_id);


--
-- TOC entry 2375 (class 2606 OID 16947)
-- Dependencies: 181 181
-- Name: incidencia_pkey; Type: CONSTRAINT; Schema: public; Owner: postgres; Tablespace: 
--

ALTER TABLE ONLY incidencia
    ADD CONSTRAINT incidencia_pkey PRIMARY KEY (id_incidencia);


--
-- TOC entry 2377 (class 2606 OID 16949)
-- Dependencies: 183 183
-- Name: modulo_pkey; Type: CONSTRAINT; Schema: public; Owner: postgres; Tablespace: 
--

ALTER TABLE ONLY modulo
    ADD CONSTRAINT modulo_pkey PRIMARY KEY (modu_id);


--
-- TOC entry 2367 (class 2606 OID 16951)
-- Dependencies: 173 173
-- Name: oficina_pkey; Type: CONSTRAINT; Schema: public; Owner: postgres; Tablespace: 
--

ALTER TABLE ONLY area_administrativa
    ADD CONSTRAINT oficina_pkey PRIMARY KEY (id_area);


--
-- TOC entry 2391 (class 2606 OID 17087)
-- Dependencies: 197 197
-- Name: patrimonio_pkey; Type: CONSTRAINT; Schema: public; Owner: postgres; Tablespace: 
--

ALTER TABLE ONLY patrimonio
    ADD CONSTRAINT patrimonio_pkey PRIMARY KEY (id_patrimonio);


--
-- TOC entry 2379 (class 2606 OID 16955)
-- Dependencies: 185 185
-- Name: perfil_pkey; Type: CONSTRAINT; Schema: public; Owner: postgres; Tablespace: 
--

ALTER TABLE ONLY perfil
    ADD CONSTRAINT perfil_pkey PRIMARY KEY (perf_id);


--
-- TOC entry 2381 (class 2606 OID 16957)
-- Dependencies: 187 187 187
-- Name: permiso_pkey; Type: CONSTRAINT; Schema: public; Owner: postgres; Tablespace: 
--

ALTER TABLE ONLY permiso
    ADD CONSTRAINT permiso_pkey PRIMARY KEY (modu_id, perf_id);


--
-- TOC entry 2361 (class 2606 OID 16959)
-- Dependencies: 167 167
-- Name: personal_pkey; Type: CONSTRAINT; Schema: public; Owner: postgres; Tablespace: 
--

ALTER TABLE ONLY personal
    ADD CONSTRAINT personal_pkey PRIMARY KEY (id_personal);


--
-- TOC entry 2383 (class 2606 OID 16961)
-- Dependencies: 188 188
-- Name: tarea_pkey; Type: CONSTRAINT; Schema: public; Owner: postgres; Tablespace: 
--

ALTER TABLE ONLY tarea
    ADD CONSTRAINT tarea_pkey PRIMARY KEY (id_tarea);


--
-- TOC entry 2385 (class 2606 OID 16963)
-- Dependencies: 190 190
-- Name: tipo_averia_pkey; Type: CONSTRAINT; Schema: public; Owner: postgres; Tablespace: 
--

ALTER TABLE ONLY tipo_averia
    ADD CONSTRAINT tipo_averia_pkey PRIMARY KEY (id_tipoaveria);


--
-- TOC entry 2387 (class 2606 OID 16965)
-- Dependencies: 192 192
-- Name: ubicacion_pkey; Type: CONSTRAINT; Schema: public; Owner: postgres; Tablespace: 
--

ALTER TABLE ONLY ubicacion
    ADD CONSTRAINT ubicacion_pkey PRIMARY KEY (ubic_id);


--
-- TOC entry 2389 (class 2606 OID 16967)
-- Dependencies: 194 194
-- Name: usuario_pkey; Type: CONSTRAINT; Schema: public; Owner: postgres; Tablespace: 
--

ALTER TABLE ONLY usuario
    ADD CONSTRAINT usuario_pkey PRIMARY KEY (usua_id);


--
-- TOC entry 2395 (class 1259 OID 17860)
-- Dependencies: 219 219 219
-- Name: idx_job_attribute_lookup; Type: INDEX; Schema: public; Owner: postgres; Tablespace: 
--

CREATE UNIQUE INDEX idx_job_attribute_lookup ON r_job_attribute USING btree (id_job, code, nr);


--
-- TOC entry 2392 (class 1259 OID 17824)
-- Dependencies: 211 211
-- Name: idx_r_database_attribute_ak; Type: INDEX; Schema: public; Owner: postgres; Tablespace: 
--

CREATE UNIQUE INDEX idx_r_database_attribute_ak ON r_database_attribute USING btree (id_database, code);


--
-- TOC entry 2393 (class 1259 OID 17831)
-- Dependencies: 213 213
-- Name: idx_r_directory_ak; Type: INDEX; Schema: public; Owner: postgres; Tablespace: 
--

CREATE UNIQUE INDEX idx_r_directory_ak ON r_directory USING btree (id_directory_parent, directory_name);


--
-- TOC entry 2401 (class 1259 OID 18055)
-- Dependencies: 267 267 267
-- Name: idx_r_jobentry_attribute_lookup; Type: INDEX; Schema: public; Owner: postgres; Tablespace: 
--

CREATE UNIQUE INDEX idx_r_jobentry_attribute_lookup ON r_jobentry_attribute USING btree (id_jobentry_attribute, code, nr);


--
-- TOC entry 2399 (class 1259 OID 18020)
-- Dependencies: 259
-- Name: idx_r_jobentry_database_lu1; Type: INDEX; Schema: public; Owner: postgres; Tablespace: 
--

CREATE INDEX idx_r_jobentry_database_lu1 ON r_jobentry_database USING btree (id_job);


--
-- TOC entry 2400 (class 1259 OID 18021)
-- Dependencies: 259
-- Name: idx_r_jobentry_database_lu2; Type: INDEX; Schema: public; Owner: postgres; Tablespace: 
--

CREATE INDEX idx_r_jobentry_database_lu2 ON r_jobentry_database USING btree (id_database);


--
-- TOC entry 2396 (class 1259 OID 17981)
-- Dependencies: 250 250 250
-- Name: idx_r_step_attribute_lookup; Type: INDEX; Schema: public; Owner: postgres; Tablespace: 
--

CREATE UNIQUE INDEX idx_r_step_attribute_lookup ON r_step_attribute USING btree (id_step, code, nr);


--
-- TOC entry 2397 (class 1259 OID 17985)
-- Dependencies: 251
-- Name: idx_r_step_database_lu1; Type: INDEX; Schema: public; Owner: postgres; Tablespace: 
--

CREATE INDEX idx_r_step_database_lu1 ON r_step_database USING btree (id_transformation);


--
-- TOC entry 2398 (class 1259 OID 17986)
-- Dependencies: 251
-- Name: idx_r_step_database_lu2; Type: INDEX; Schema: public; Owner: postgres; Tablespace: 
--

CREATE INDEX idx_r_step_database_lu2 ON r_step_database USING btree (id_database);


--
-- TOC entry 2394 (class 1259 OID 17850)
-- Dependencies: 217 217 217
-- Name: idx_trans_attribute_lookup; Type: INDEX; Schema: public; Owner: postgres; Tablespace: 
--

CREATE UNIQUE INDEX idx_trans_attribute_lookup ON r_trans_attribute USING btree (id_transformation, code, nr);


SET search_path = bi_efix, pg_catalog;

--
-- TOC entry 2421 (class 2606 OID 18427)
-- Dependencies: 2356 286 165
-- Name: th_averias_copy_incedencia_id_fkey; Type: FK CONSTRAINT; Schema: bi_efix; Owner: postgres
--

ALTER TABLE ONLY averias_th
    ADD CONSTRAINT th_averias_copy_incedencia_id_fkey FOREIGN KEY (incedencia_id) REFERENCES etl_incidencias(id_incidencia);


--
-- TOC entry 2424 (class 2606 OID 18442)
-- Dependencies: 286 169 2362
-- Name: th_averias_copy_personal_id_fkey; Type: FK CONSTRAINT; Schema: bi_efix; Owner: postgres
--

ALTER TABLE ONLY averias_th
    ADD CONSTRAINT th_averias_copy_personal_id_fkey FOREIGN KEY (personal_id) REFERENCES etl_personal(id_personal);


--
-- TOC entry 2420 (class 2606 OID 18422)
-- Dependencies: 286 2402 285
-- Name: th_averias_copy_tiempo_averia_id_fkey; Type: FK CONSTRAINT; Schema: bi_efix; Owner: postgres
--

ALTER TABLE ONLY averias_th
    ADD CONSTRAINT th_averias_copy_tiempo_averia_id_fkey FOREIGN KEY (tiempo_averia_id) REFERENCES etl_tiempo(id_tiempo);


--
-- TOC entry 2423 (class 2606 OID 18437)
-- Dependencies: 2402 285 286
-- Name: th_averias_copy_tiempo_tarea_id_fkey; Type: FK CONSTRAINT; Schema: bi_efix; Owner: postgres
--

ALTER TABLE ONLY averias_th
    ADD CONSTRAINT th_averias_copy_tiempo_tarea_id_fkey FOREIGN KEY (tiempo_tarea_id) REFERENCES etl_tiempo(id_tiempo);


--
-- TOC entry 2422 (class 2606 OID 18432)
-- Dependencies: 2354 164 286
-- Name: th_averias_copy_ubicacion_id_fkey; Type: FK CONSTRAINT; Schema: bi_efix; Owner: postgres
--

ALTER TABLE ONLY averias_th
    ADD CONSTRAINT th_averias_copy_ubicacion_id_fkey FOREIGN KEY (ubicacion_id) REFERENCES etl_ambiente(id);


SET search_path = public, pg_catalog;

--
-- TOC entry 2407 (class 2606 OID 17008)
-- Dependencies: 179 171 2372
-- Name: ambiente_facu_id_fkey; Type: FK CONSTRAINT; Schema: public; Owner: postgres
--

ALTER TABLE ONLY ambiente
    ADD CONSTRAINT ambiente_facu_id_fkey FOREIGN KEY (facu_id) REFERENCES facultad(facu_id);


--
-- TOC entry 2408 (class 2606 OID 17013)
-- Dependencies: 2374 175 181
-- Name: averia_id_incidencia_fkey; Type: FK CONSTRAINT; Schema: public; Owner: postgres
--

ALTER TABLE ONLY averia
    ADD CONSTRAINT averia_id_incidencia_fkey FOREIGN KEY (id_incidencia) REFERENCES incidencia(id_incidencia);


--
-- TOC entry 2409 (class 2606 OID 17018)
-- Dependencies: 175 2388 194
-- Name: averia_id_usuario_fkey; Type: FK CONSTRAINT; Schema: public; Owner: postgres
--

ALTER TABLE ONLY averia
    ADD CONSTRAINT averia_id_usuario_fkey FOREIGN KEY (usua_id) REFERENCES usuario(usua_id);


--
-- TOC entry 2410 (class 2606 OID 17023)
-- Dependencies: 2386 192 175
-- Name: averia_ubic_id_fkey; Type: FK CONSTRAINT; Schema: public; Owner: postgres
--

ALTER TABLE ONLY averia
    ADD CONSTRAINT averia_ubic_id_fkey FOREIGN KEY (ubic_id) REFERENCES ubicacion(ubic_id);


--
-- TOC entry 2411 (class 2606 OID 17028)
-- Dependencies: 2372 177 179
-- Name: coordenada_facu_id_fkey; Type: FK CONSTRAINT; Schema: public; Owner: postgres
--

ALTER TABLE ONLY coordenada
    ADD CONSTRAINT coordenada_facu_id_fkey FOREIGN KEY (facu_id) REFERENCES facultad(facu_id);


--
-- TOC entry 2412 (class 2606 OID 17033)
-- Dependencies: 190 181 2384
-- Name: incidencia_id_tipoaveria_fkey; Type: FK CONSTRAINT; Schema: public; Owner: postgres
--

ALTER TABLE ONLY incidencia
    ADD CONSTRAINT incidencia_id_tipoaveria_fkey FOREIGN KEY (id_tipoaveria) REFERENCES tipo_averia(id_tipoaveria);


--
-- TOC entry 2413 (class 2606 OID 17038)
-- Dependencies: 183 187 2376
-- Name: permiso_modu_id_fkey; Type: FK CONSTRAINT; Schema: public; Owner: postgres
--

ALTER TABLE ONLY permiso
    ADD CONSTRAINT permiso_modu_id_fkey FOREIGN KEY (modu_id) REFERENCES modulo(modu_id);


--
-- TOC entry 2414 (class 2606 OID 17043)
-- Dependencies: 2378 187 185
-- Name: permiso_perf_id_fkey; Type: FK CONSTRAINT; Schema: public; Owner: postgres
--

ALTER TABLE ONLY permiso
    ADD CONSTRAINT permiso_perf_id_fkey FOREIGN KEY (perf_id) REFERENCES perfil(perf_id);


--
-- TOC entry 2406 (class 2606 OID 17048)
-- Dependencies: 167 2366 173
-- Name: personal_id_area_fkey; Type: FK CONSTRAINT; Schema: public; Owner: postgres
--

ALTER TABLE ONLY personal
    ADD CONSTRAINT personal_id_area_fkey FOREIGN KEY (id_area) REFERENCES area_administrativa(id_area);


--
-- TOC entry 2415 (class 2606 OID 17053)
-- Dependencies: 2368 188 175
-- Name: tarea_id_averia_fkey; Type: FK CONSTRAINT; Schema: public; Owner: postgres
--

ALTER TABLE ONLY tarea
    ADD CONSTRAINT tarea_id_averia_fkey FOREIGN KEY (id_averia) REFERENCES averia(id_averia);


--
-- TOC entry 2416 (class 2606 OID 17058)
-- Dependencies: 167 188 2360
-- Name: tarea_id_personal_fkey; Type: FK CONSTRAINT; Schema: public; Owner: postgres
--

ALTER TABLE ONLY tarea
    ADD CONSTRAINT tarea_id_personal_fkey FOREIGN KEY (id_personal) REFERENCES personal(id_personal);


--
-- TOC entry 2417 (class 2606 OID 17063)
-- Dependencies: 2388 194 188
-- Name: tarea_usuario_asigno_fkey; Type: FK CONSTRAINT; Schema: public; Owner: postgres
--

ALTER TABLE ONLY tarea
    ADD CONSTRAINT tarea_usuario_asigno_fkey FOREIGN KEY (usuario_asigno) REFERENCES usuario(usua_id);


--
-- TOC entry 2418 (class 2606 OID 17068)
-- Dependencies: 171 192 2364
-- Name: ubicacion_ambi_id_fkey; Type: FK CONSTRAINT; Schema: public; Owner: postgres
--

ALTER TABLE ONLY ubicacion
    ADD CONSTRAINT ubicacion_ambi_id_fkey FOREIGN KEY (ambi_id) REFERENCES ambiente(ambi_id);


--
-- TOC entry 2419 (class 2606 OID 17073)
-- Dependencies: 194 2378 185
-- Name: usuario_perf_id_fkey; Type: FK CONSTRAINT; Schema: public; Owner: postgres
--

ALTER TABLE ONLY usuario
    ADD CONSTRAINT usuario_perf_id_fkey FOREIGN KEY (perf_id) REFERENCES perfil(perf_id);


--
-- TOC entry 2496 (class 0 OID 0)
-- Dependencies: 6
-- Name: public; Type: ACL; Schema: -; Owner: postgres
--

REVOKE ALL ON SCHEMA public FROM PUBLIC;
REVOKE ALL ON SCHEMA public FROM postgres;
GRANT ALL ON SCHEMA public TO postgres;
GRANT ALL ON SCHEMA public TO PUBLIC;


-- Completed on 2014-07-01 09:20:23

--
-- PostgreSQL database dump complete
--

